Date,TeamName,ScoreOff,FirstDownOff,ThirdDownPctOff,RushAttOff,RushYdsOff,PassAttOff,PassCompOff,PassYdsOff,PassIntOff,FumblesOff,SackNumOff,SackYdsOff,PenYdsOff,TimePossOff,PuntAvgOff,Opponent,ScoreDef,FirstDownDef,ThirdDownPctDef,RushAttDef,RushYdsDef,PassAttDef,PassCompDef,PassYdsDef,PassIntDef,FumblesDef,SackNumDef,SackYdsDef,PenYdsDef,TimePossDef,Site,Line,TotalLine
09/04/2014,Green Bay Packers,,,,,,,,,,,,,,,,Seattle Seahawks,,,,,,,,,,,,,,,V,,
09/04/2014,Seattle Seahawks,,,,,,,,,,,,,,,,Green Bay Packers,,,,,,,,,,,,,,,H,,
09/07/2014,Atlanta Falcons,,,,,,,,,,,,,,,,New Orleans Saints,,,,,,,,,,,,,,,H,,
09/07/2014,Baltimore Ravens,,,,,,,,,,,,,,,,Cincinnati Bengals,,,,,,,,,,,,,,,H,,
09/07/2014,Buffalo Bills,,,,,,,,,,,,,,,,Chicago Bears,,,,,,,,,,,,,,,V,,
09/07/2014,Carolina Panthers,,,,,,,,,,,,,,,,Tampa Bay Buccaneers,,,,,,,,,,,,,,,V,,
09/07/2014,Chicago Bears,,,,,,,,,,,,,,,,Buffalo Bills,,,,,,,,,,,,,,,H,,
09/07/2014,Cincinnati Bengals,,,,,,,,,,,,,,,,Baltimore Ravens,,,,,,,,,,,,,,,V,,
09/07/2014,Cleveland Browns,,,,,,,,,,,,,,,,Pittsburgh Steelers,,,,,,,,,,,,,,,V,,
09/07/2014,Dallas Cowboys,,,,,,,,,,,,,,,,San Francisco 49ers,,,,,,,,,,,,,,,H,,
09/07/2014,Denver Broncos,,,,,,,,,,,,,,,,Indianapolis Colts,,,,,,,,,,,,,,,H,,
09/07/2014,Houston Texans,,,,,,,,,,,,,,,,Washington Redskins,,,,,,,,,,,,,,,H,,
09/07/2014,Indianapolis Colts,,,,,,,,,,,,,,,,Denver Broncos,,,,,,,,,,,,,,,V,,
09/07/2014,Jacksonville Jaguars,,,,,,,,,,,,,,,,Philadelphia Eagles,,,,,,,,,,,,,,,V,,
09/07/2014,Kansas City Chiefs,,,,,,,,,,,,,,,,Tennessee Titans,,,,,,,,,,,,,,,H,,
09/07/2014,Miami Dolphins,,,,,,,,,,,,,,,,New England Patriots,,,,,,,,,,,,,,,H,,
09/07/2014,Minnesota Vikings,,,,,,,,,,,,,,,,St Louis Rams,,,,,,,,,,,,,,,V,,
09/07/2014,New England Patriots,,,,,,,,,,,,,,,,Miami Dolphins,,,,,,,,,,,,,,,V,,
09/07/2014,New Orleans Saints,,,,,,,,,,,,,,,,Atlanta Falcons,,,,,,,,,,,,,,,V,,
09/07/2014,New York Jets,,,,,,,,,,,,,,,,Oakland Raiders,,,,,,,,,,,,,,,H,,
09/07/2014,Oakland Raiders,,,,,,,,,,,,,,,,New York Jets,,,,,,,,,,,,,,,V,,
09/07/2014,Philadelphia Eagles,,,,,,,,,,,,,,,,Jacksonville Jaguars,,,,,,,,,,,,,,,H,,
09/07/2014,Pittsburgh Steelers,,,,,,,,,,,,,,,,Cleveland Browns,,,,,,,,,,,,,,,H,,
09/07/2014,San Francisco 49ers,,,,,,,,,,,,,,,,Dallas Cowboys,,,,,,,,,,,,,,,V,,
09/07/2014,St Louis Rams,,,,,,,,,,,,,,,,Minnesota Vikings,,,,,,,,,,,,,,,H,,
09/07/2014,Tampa Bay Buccaneers,,,,,,,,,,,,,,,,Carolina Panthers,,,,,,,,,,,,,,,H,,
09/07/2014,Tennessee Titans,,,,,,,,,,,,,,,,Kansas City Chiefs,,,,,,,,,,,,,,,V,,
09/07/2014,Washington Redskins,,,,,,,,,,,,,,,,Houston Texans,,,,,,,,,,,,,,,V,,
09/08/2014,Arizona Cardinals,,,,,,,,,,,,,,,,San Diego Chargers,,,,,,,,,,,,,,,H,,
09/08/2014,Detroit Lions,,,,,,,,,,,,,,,,New York Giants,,,,,,,,,,,,,,,H,,
09/08/2014,New York Giants,,,,,,,,,,,,,,,,Detroit Lions,,,,,,,,,,,,,,,V,,
09/08/2014,San Diego Chargers,,,,,,,,,,,,,,,,Arizona Cardinals,,,,,,,,,,,,,,,V,,
09/11/2014,Baltimore Ravens,,,,,,,,,,,,,,,,Pittsburgh Steelers,,,,,,,,,,,,,,,H,,
09/11/2014,Pittsburgh Steelers,,,,,,,,,,,,,,,,Baltimore Ravens,,,,,,,,,,,,,,,V,,
09/14/2014,Arizona Cardinals,,,,,,,,,,,,,,,,New York Giants,,,,,,,,,,,,,,,V,,
09/14/2014,Atlanta Falcons,,,,,,,,,,,,,,,,Cincinnati Bengals,,,,,,,,,,,,,,,V,,
09/14/2014,Buffalo Bills,,,,,,,,,,,,,,,,Miami Dolphins,,,,,,,,,,,,,,,H,,
09/14/2014,Carolina Panthers,,,,,,,,,,,,,,,,Detroit Lions,,,,,,,,,,,,,,,H,,
09/14/2014,Chicago Bears,,,,,,,,,,,,,,,,San Francisco 49ers,,,,,,,,,,,,,,,V,,
09/14/2014,Cincinnati Bengals,,,,,,,,,,,,,,,,Atlanta Falcons,,,,,,,,,,,,,,,H,,
09/14/2014,Cleveland Browns,,,,,,,,,,,,,,,,New Orleans Saints,,,,,,,,,,,,,,,H,,
09/14/2014,Dallas Cowboys,,,,,,,,,,,,,,,,Tennessee Titans,,,,,,,,,,,,,,,V,,
09/14/2014,Denver Broncos,,,,,,,,,,,,,,,,Kansas City Chiefs,,,,,,,,,,,,,,,H,,
09/14/2014,Detroit Lions,,,,,,,,,,,,,,,,Carolina Panthers,,,,,,,,,,,,,,,V,,
09/14/2014,Green Bay Packers,,,,,,,,,,,,,,,,New York Jets,,,,,,,,,,,,,,,H,,
09/14/2014,Houston Texans,,,,,,,,,,,,,,,,Oakland Raiders,,,,,,,,,,,,,,,V,,
09/14/2014,Jacksonville Jaguars,,,,,,,,,,,,,,,,Washington Redskins,,,,,,,,,,,,,,,V,,
09/14/2014,Kansas City Chiefs,,,,,,,,,,,,,,,,Denver Broncos,,,,,,,,,,,,,,,V,,
09/14/2014,Miami Dolphins,,,,,,,,,,,,,,,,Buffalo Bills,,,,,,,,,,,,,,,V,,
09/14/2014,Minnesota Vikings,,,,,,,,,,,,,,,,New England Patriots,,,,,,,,,,,,,,,H,,
09/14/2014,New England Patriots,,,,,,,,,,,,,,,,Minnesota Vikings,,,,,,,,,,,,,,,V,,
09/14/2014,New Orleans Saints,,,,,,,,,,,,,,,,Cleveland Browns,,,,,,,,,,,,,,,V,,
09/14/2014,New York Giants,,,,,,,,,,,,,,,,Arizona Cardinals,,,,,,,,,,,,,,,H,,
09/14/2014,New York Jets,,,,,,,,,,,,,,,,Green Bay Packers,,,,,,,,,,,,,,,V,,
09/14/2014,Oakland Raiders,,,,,,,,,,,,,,,,Houston Texans,,,,,,,,,,,,,,,H,,
09/14/2014,San Diego Chargers,,,,,,,,,,,,,,,,Seattle Seahawks,,,,,,,,,,,,,,,H,,
09/14/2014,San Francisco 49ers,,,,,,,,,,,,,,,,Chicago Bears,,,,,,,,,,,,,,,H,,
09/14/2014,Seattle Seahawks,,,,,,,,,,,,,,,,San Diego Chargers,,,,,,,,,,,,,,,V,,
09/14/2014,St Louis Rams,,,,,,,,,,,,,,,,Tampa Bay Buccaneers,,,,,,,,,,,,,,,V,,
09/14/2014,Tampa Bay Buccaneers,,,,,,,,,,,,,,,,St Louis Rams,,,,,,,,,,,,,,,H,,
09/14/2014,Tennessee Titans,,,,,,,,,,,,,,,,Dallas Cowboys,,,,,,,,,,,,,,,H,,
09/14/2014,Washington Redskins,,,,,,,,,,,,,,,,Jacksonville Jaguars,,,,,,,,,,,,,,,H,,
09/15/2014,Indianapolis Colts,,,,,,,,,,,,,,,,Philadelphia Eagles,,,,,,,,,,,,,,,H,,
09/15/2014,Philadelphia Eagles,,,,,,,,,,,,,,,,Indianapolis Colts,,,,,,,,,,,,,,,V,,
09/18/2014,Atlanta Falcons,,,,,,,,,,,,,,,,Tampa Bay Buccaneers,,,,,,,,,,,,,,,H,,
09/18/2014,Tampa Bay Buccaneers,,,,,,,,,,,,,,,,Atlanta Falcons,,,,,,,,,,,,,,,V,,
09/21/2014,Arizona Cardinals,,,,,,,,,,,,,,,,San Francisco 49ers,,,,,,,,,,,,,,,H,,
09/21/2014,Baltimore Ravens,,,,,,,,,,,,,,,,Cleveland Browns,,,,,,,,,,,,,,,V,,
09/21/2014,Buffalo Bills,,,,,,,,,,,,,,,,San Diego Chargers,,,,,,,,,,,,,,,H,,
09/21/2014,Carolina Panthers,,,,,,,,,,,,,,,,Pittsburgh Steelers,,,,,,,,,,,,,,,H,,
09/21/2014,Cincinnati Bengals,,,,,,,,,,,,,,,,Tennessee Titans,,,,,,,,,,,,,,,H,,
09/21/2014,Cleveland Browns,,,,,,,,,,,,,,,,Baltimore Ravens,,,,,,,,,,,,,,,H,,
09/21/2014,Dallas Cowboys,,,,,,,,,,,,,,,,St Louis Rams,,,,,,,,,,,,,,,V,,
09/21/2014,Denver Broncos,,,,,,,,,,,,,,,,Seattle Seahawks,,,,,,,,,,,,,,,V,,
09/21/2014,Detroit Lions,,,,,,,,,,,,,,,,Green Bay Packers,,,,,,,,,,,,,,,H,,
09/21/2014,Green Bay Packers,,,,,,,,,,,,,,,,Detroit Lions,,,,,,,,,,,,,,,V,,
09/21/2014,Houston Texans,,,,,,,,,,,,,,,,New York Giants,,,,,,,,,,,,,,,V,,
09/21/2014,Indianapolis Colts,,,,,,,,,,,,,,,,Jacksonville Jaguars,,,,,,,,,,,,,,,V,,
09/21/2014,Jacksonville Jaguars,,,,,,,,,,,,,,,,Indianapolis Colts,,,,,,,,,,,,,,,H,,
09/21/2014,Kansas City Chiefs,,,,,,,,,,,,,,,,Miami Dolphins,,,,,,,,,,,,,,,V,,
09/21/2014,Miami Dolphins,,,,,,,,,,,,,,,,Kansas City Chiefs,,,,,,,,,,,,,,,H,,
09/21/2014,Minnesota Vikings,,,,,,,,,,,,,,,,New Orleans Saints,,,,,,,,,,,,,,,V,,
09/21/2014,New England Patriots,,,,,,,,,,,,,,,,Oakland Raiders,,,,,,,,,,,,,,,H,,
09/21/2014,New Orleans Saints,,,,,,,,,,,,,,,,Minnesota Vikings,,,,,,,,,,,,,,,H,,
09/21/2014,New York Giants,,,,,,,,,,,,,,,,Houston Texans,,,,,,,,,,,,,,,H,,
09/21/2014,Oakland Raiders,,,,,,,,,,,,,,,,New England Patriots,,,,,,,,,,,,,,,V,,
09/21/2014,Philadelphia Eagles,,,,,,,,,,,,,,,,Washington Redskins,,,,,,,,,,,,,,,H,,
09/21/2014,Pittsburgh Steelers,,,,,,,,,,,,,,,,Carolina Panthers,,,,,,,,,,,,,,,V,,
09/21/2014,San Diego Chargers,,,,,,,,,,,,,,,,Buffalo Bills,,,,,,,,,,,,,,,V,,
09/21/2014,San Francisco 49ers,,,,,,,,,,,,,,,,Arizona Cardinals,,,,,,,,,,,,,,,V,,
09/21/2014,Seattle Seahawks,,,,,,,,,,,,,,,,Denver Broncos,,,,,,,,,,,,,,,H,,
09/21/2014,St Louis Rams,,,,,,,,,,,,,,,,Dallas Cowboys,,,,,,,,,,,,,,,H,,
09/21/2014,Tennessee Titans,,,,,,,,,,,,,,,,Cincinnati Bengals,,,,,,,,,,,,,,,V,,
09/21/2014,Washington Redskins,,,,,,,,,,,,,,,,Philadelphia Eagles,,,,,,,,,,,,,,,V,,
09/22/2014,Chicago Bears,,,,,,,,,,,,,,,,New York Jets,,,,,,,,,,,,,,,V,,
09/22/2014,New York Jets,,,,,,,,,,,,,,,,Chicago Bears,,,,,,,,,,,,,,,H,,
09/25/2014,New York Giants,,,,,,,,,,,,,,,,Washington Redskins,,,,,,,,,,,,,,,V,,
09/25/2014,Washington Redskins,,,,,,,,,,,,,,,,New York Giants,,,,,,,,,,,,,,,H,,
09/28/2014,Atlanta Falcons,,,,,,,,,,,,,,,,Minnesota Vikings,,,,,,,,,,,,,,,V,,
09/28/2014,Baltimore Ravens,,,,,,,,,,,,,,,,Carolina Panthers,,,,,,,,,,,,,,,H,,
09/28/2014,Buffalo Bills,,,,,,,,,,,,,,,,Houston Texans,,,,,,,,,,,,,,,V,,
09/28/2014,Carolina Panthers,,,,,,,,,,,,,,,,Baltimore Ravens,,,,,,,,,,,,,,,V,,
09/28/2014,Chicago Bears,,,,,,,,,,,,,,,,Green Bay Packers,,,,,,,,,,,,,,,H,,
09/28/2014,Dallas Cowboys,,,,,,,,,,,,,,,,New Orleans Saints,,,,,,,,,,,,,,,H,,
09/28/2014,Detroit Lions,,,,,,,,,,,,,,,,New York Jets,,,,,,,,,,,,,,,V,,
09/28/2014,Green Bay Packers,,,,,,,,,,,,,,,,Chicago Bears,,,,,,,,,,,,,,,V,,
09/28/2014,Houston Texans,,,,,,,,,,,,,,,,Buffalo Bills,,,,,,,,,,,,,,,H,,
09/28/2014,Indianapolis Colts,,,,,,,,,,,,,,,,Tennessee Titans,,,,,,,,,,,,,,,H,,
09/28/2014,Jacksonville Jaguars,,,,,,,,,,,,,,,,San Diego Chargers,,,,,,,,,,,,,,,V,,
09/28/2014,Miami Dolphins,,,,,,,,,,,,,,,,Oakland Raiders,,,,,,,,,,,,,,,N,,
09/28/2014,Minnesota Vikings,,,,,,,,,,,,,,,,Atlanta Falcons,,,,,,,,,,,,,,,H,,
09/28/2014,New Orleans Saints,,,,,,,,,,,,,,,,Dallas Cowboys,,,,,,,,,,,,,,,V,,
09/28/2014,New York Jets,,,,,,,,,,,,,,,,Detroit Lions,,,,,,,,,,,,,,,H,,
09/28/2014,Oakland Raiders,,,,,,,,,,,,,,,,Miami Dolphins,,,,,,,,,,,,,,,N,,
09/28/2014,Philadelphia Eagles,,,,,,,,,,,,,,,,San Francisco 49ers,,,,,,,,,,,,,,,V,,
09/28/2014,Pittsburgh Steelers,,,,,,,,,,,,,,,,Tampa Bay Buccaneers,,,,,,,,,,,,,,,H,,
09/28/2014,San Diego Chargers,,,,,,,,,,,,,,,,Jacksonville Jaguars,,,,,,,,,,,,,,,H,,
09/28/2014,San Francisco 49ers,,,,,,,,,,,,,,,,Philadelphia Eagles,,,,,,,,,,,,,,,H,,
09/28/2014,Tampa Bay Buccaneers,,,,,,,,,,,,,,,,Pittsburgh Steelers,,,,,,,,,,,,,,,V,,
09/28/2014,Tennessee Titans,,,,,,,,,,,,,,,,Indianapolis Colts,,,,,,,,,,,,,,,V,,
09/29/2014,Kansas City Chiefs,,,,,,,,,,,,,,,,New England Patriots,,,,,,,,,,,,,,,H,,
09/29/2014,New England Patriots,,,,,,,,,,,,,,,,Kansas City Chiefs,,,,,,,,,,,,,,,V,,
10/02/2014,Green Bay Packers,,,,,,,,,,,,,,,,Minnesota Vikings,,,,,,,,,,,,,,,H,,
10/02/2014,Minnesota Vikings,,,,,,,,,,,,,,,,Green Bay Packers,,,,,,,,,,,,,,,V,,
10/05/2014,Arizona Cardinals,,,,,,,,,,,,,,,,Denver Broncos,,,,,,,,,,,,,,,V,,
10/05/2014,Atlanta Falcons,,,,,,,,,,,,,,,,New York Giants,,,,,,,,,,,,,,,V,,
10/05/2014,Baltimore Ravens,,,,,,,,,,,,,,,,Indianapolis Colts,,,,,,,,,,,,,,,V,,
10/05/2014,Buffalo Bills,,,,,,,,,,,,,,,,Detroit Lions,,,,,,,,,,,,,,,V,,
10/05/2014,Carolina Panthers,,,,,,,,,,,,,,,,Chicago Bears,,,,,,,,,,,,,,,H,,
10/05/2014,Chicago Bears,,,,,,,,,,,,,,,,Carolina Panthers,,,,,,,,,,,,,,,V,,
10/05/2014,Cincinnati Bengals,,,,,,,,,,,,,,,,New England Patriots,,,,,,,,,,,,,,,V,,
10/05/2014,Cleveland Browns,,,,,,,,,,,,,,,,Tennessee Titans,,,,,,,,,,,,,,,V,,
10/05/2014,Dallas Cowboys,,,,,,,,,,,,,,,,Houston Texans,,,,,,,,,,,,,,,H,,
10/05/2014,Denver Broncos,,,,,,,,,,,,,,,,Arizona Cardinals,,,,,,,,,,,,,,,H,,
10/05/2014,Detroit Lions,,,,,,,,,,,,,,,,Buffalo Bills,,,,,,,,,,,,,,,H,,
10/05/2014,Houston Texans,,,,,,,,,,,,,,,,Dallas Cowboys,,,,,,,,,,,,,,,V,,
10/05/2014,Indianapolis Colts,,,,,,,,,,,,,,,,Baltimore Ravens,,,,,,,,,,,,,,,H,,
10/05/2014,Jacksonville Jaguars,,,,,,,,,,,,,,,,Pittsburgh Steelers,,,,,,,,,,,,,,,H,,
10/05/2014,Kansas City Chiefs,,,,,,,,,,,,,,,,San Francisco 49ers,,,,,,,,,,,,,,,V,,
10/05/2014,New England Patriots,,,,,,,,,,,,,,,,Cincinnati Bengals,,,,,,,,,,,,,,,H,,
10/05/2014,New Orleans Saints,,,,,,,,,,,,,,,,Tampa Bay Buccaneers,,,,,,,,,,,,,,,H,,
10/05/2014,New York Giants,,,,,,,,,,,,,,,,Atlanta Falcons,,,,,,,,,,,,,,,H,,
10/05/2014,New York Jets,,,,,,,,,,,,,,,,San Diego Chargers,,,,,,,,,,,,,,,V,,
10/05/2014,Philadelphia Eagles,,,,,,,,,,,,,,,,St Louis Rams,,,,,,,,,,,,,,,H,,
10/05/2014,Pittsburgh Steelers,,,,,,,,,,,,,,,,Jacksonville Jaguars,,,,,,,,,,,,,,,V,,
10/05/2014,San Diego Chargers,,,,,,,,,,,,,,,,New York Jets,,,,,,,,,,,,,,,H,,
10/05/2014,San Francisco 49ers,,,,,,,,,,,,,,,,Kansas City Chiefs,,,,,,,,,,,,,,,H,,
10/05/2014,St Louis Rams,,,,,,,,,,,,,,,,Philadelphia Eagles,,,,,,,,,,,,,,,V,,
10/05/2014,Tampa Bay Buccaneers,,,,,,,,,,,,,,,,New Orleans Saints,,,,,,,,,,,,,,,V,,
10/05/2014,Tennessee Titans,,,,,,,,,,,,,,,,Cleveland Browns,,,,,,,,,,,,,,,H,,
10/06/2014,Seattle Seahawks,,,,,,,,,,,,,,,,Washington Redskins,,,,,,,,,,,,,,,V,,
10/06/2014,Washington Redskins,,,,,,,,,,,,,,,,Seattle Seahawks,,,,,,,,,,,,,,,H,,
10/09/2014,Houston Texans,,,,,,,,,,,,,,,,Indianapolis Colts,,,,,,,,,,,,,,,H,,
10/09/2014,Indianapolis Colts,,,,,,,,,,,,,,,,Houston Texans,,,,,,,,,,,,,,,V,,
10/12/2014,Arizona Cardinals,,,,,,,,,,,,,,,,Washington Redskins,,,,,,,,,,,,,,,H,,
10/12/2014,Atlanta Falcons,,,,,,,,,,,,,,,,Chicago Bears,,,,,,,,,,,,,,,H,,
10/12/2014,Baltimore Ravens,,,,,,,,,,,,,,,,Tampa Bay Buccaneers,,,,,,,,,,,,,,,V,,
10/12/2014,Buffalo Bills,,,,,,,,,,,,,,,,New England Patriots,,,,,,,,,,,,,,,H,,
10/12/2014,Carolina Panthers,,,,,,,,,,,,,,,,Cincinnati Bengals,,,,,,,,,,,,,,,V,,
10/12/2014,Chicago Bears,,,,,,,,,,,,,,,,Atlanta Falcons,,,,,,,,,,,,,,,V,,
10/12/2014,Cincinnati Bengals,,,,,,,,,,,,,,,,Carolina Panthers,,,,,,,,,,,,,,,H,,
10/12/2014,Cleveland Browns,,,,,,,,,,,,,,,,Pittsburgh Steelers,,,,,,,,,,,,,,,H,,
10/12/2014,Dallas Cowboys,,,,,,,,,,,,,,,,Seattle Seahawks,,,,,,,,,,,,,,,V,,
10/12/2014,Denver Broncos,,,,,,,,,,,,,,,,New York Jets,,,,,,,,,,,,,,,V,,
10/12/2014,Detroit Lions,,,,,,,,,,,,,,,,Minnesota Vikings,,,,,,,,,,,,,,,V,,
10/12/2014,Green Bay Packers,,,,,,,,,,,,,,,,Miami Dolphins,,,,,,,,,,,,,,,V,,
10/12/2014,Jacksonville Jaguars,,,,,,,,,,,,,,,,Tennessee Titans,,,,,,,,,,,,,,,V,,
10/12/2014,Miami Dolphins,,,,,,,,,,,,,,,,Green Bay Packers,,,,,,,,,,,,,,,H,,
10/12/2014,Minnesota Vikings,,,,,,,,,,,,,,,,Detroit Lions,,,,,,,,,,,,,,,H,,
10/12/2014,New England Patriots,,,,,,,,,,,,,,,,Buffalo Bills,,,,,,,,,,,,,,,V,,
10/12/2014,New York Giants,,,,,,,,,,,,,,,,Philadelphia Eagles,,,,,,,,,,,,,,,V,,
10/12/2014,New York Jets,,,,,,,,,,,,,,,,Denver Broncos,,,,,,,,,,,,,,,H,,
10/12/2014,Oakland Raiders,,,,,,,,,,,,,,,,San Diego Chargers,,,,,,,,,,,,,,,H,,
10/12/2014,Philadelphia Eagles,,,,,,,,,,,,,,,,New York Giants,,,,,,,,,,,,,,,H,,
10/12/2014,Pittsburgh Steelers,,,,,,,,,,,,,,,,Cleveland Browns,,,,,,,,,,,,,,,V,,
10/12/2014,San Diego Chargers,,,,,,,,,,,,,,,,Oakland Raiders,,,,,,,,,,,,,,,V,,
10/12/2014,Seattle Seahawks,,,,,,,,,,,,,,,,Dallas Cowboys,,,,,,,,,,,,,,,H,,
10/12/2014,Tampa Bay Buccaneers,,,,,,,,,,,,,,,,Baltimore Ravens,,,,,,,,,,,,,,,H,,
10/12/2014,Tennessee Titans,,,,,,,,,,,,,,,,Jacksonville Jaguars,,,,,,,,,,,,,,,H,,
10/12/2014,Washington Redskins,,,,,,,,,,,,,,,,Arizona Cardinals,,,,,,,,,,,,,,,V,,
10/13/2014,San Francisco 49ers,,,,,,,,,,,,,,,,St Louis Rams,,,,,,,,,,,,,,,V,,
10/13/2014,St Louis Rams,,,,,,,,,,,,,,,,San Francisco 49ers,,,,,,,,,,,,,,,H,,
10/16/2014,New England Patriots,,,,,,,,,,,,,,,,New York Jets,,,,,,,,,,,,,,,H,,
10/16/2014,New York Jets,,,,,,,,,,,,,,,,New England Patriots,,,,,,,,,,,,,,,V,,
10/19/2014,Arizona Cardinals,,,,,,,,,,,,,,,,Oakland Raiders,,,,,,,,,,,,,,,V,,
10/19/2014,Atlanta Falcons,,,,,,,,,,,,,,,,Baltimore Ravens,,,,,,,,,,,,,,,V,,
10/19/2014,Baltimore Ravens,,,,,,,,,,,,,,,,Atlanta Falcons,,,,,,,,,,,,,,,H,,
10/19/2014,Buffalo Bills,,,,,,,,,,,,,,,,Minnesota Vikings,,,,,,,,,,,,,,,H,,
10/19/2014,Carolina Panthers,,,,,,,,,,,,,,,,Green Bay Packers,,,,,,,,,,,,,,,V,,
10/19/2014,Chicago Bears,,,,,,,,,,,,,,,,Miami Dolphins,,,,,,,,,,,,,,,H,,
10/19/2014,Cincinnati Bengals,,,,,,,,,,,,,,,,Indianapolis Colts,,,,,,,,,,,,,,,V,,
10/19/2014,Cleveland Browns,,,,,,,,,,,,,,,,Jacksonville Jaguars,,,,,,,,,,,,,,,V,,
10/19/2014,Dallas Cowboys,,,,,,,,,,,,,,,,New York Giants,,,,,,,,,,,,,,,H,,
10/19/2014,Denver Broncos,,,,,,,,,,,,,,,,San Francisco 49ers,,,,,,,,,,,,,,,H,,
10/19/2014,Detroit Lions,,,,,,,,,,,,,,,,New Orleans Saints,,,,,,,,,,,,,,,H,,
10/19/2014,Green Bay Packers,,,,,,,,,,,,,,,,Carolina Panthers,,,,,,,,,,,,,,,H,,
10/19/2014,Indianapolis Colts,,,,,,,,,,,,,,,,Cincinnati Bengals,,,,,,,,,,,,,,,H,,
10/19/2014,Jacksonville Jaguars,,,,,,,,,,,,,,,,Cleveland Browns,,,,,,,,,,,,,,,H,,
10/19/2014,Kansas City Chiefs,,,,,,,,,,,,,,,,San Diego Chargers,,,,,,,,,,,,,,,V,,
10/19/2014,Miami Dolphins,,,,,,,,,,,,,,,,Chicago Bears,,,,,,,,,,,,,,,V,,
10/19/2014,Minnesota Vikings,,,,,,,,,,,,,,,,Buffalo Bills,,,,,,,,,,,,,,,V,,
10/19/2014,New Orleans Saints,,,,,,,,,,,,,,,,Detroit Lions,,,,,,,,,,,,,,,V,,
10/19/2014,New York Giants,,,,,,,,,,,,,,,,Dallas Cowboys,,,,,,,,,,,,,,,V,,
10/19/2014,Oakland Raiders,,,,,,,,,,,,,,,,Arizona Cardinals,,,,,,,,,,,,,,,H,,
10/19/2014,San Diego Chargers,,,,,,,,,,,,,,,,Kansas City Chiefs,,,,,,,,,,,,,,,H,,
10/19/2014,San Francisco 49ers,,,,,,,,,,,,,,,,Denver Broncos,,,,,,,,,,,,,,,V,,
10/19/2014,Seattle Seahawks,,,,,,,,,,,,,,,,St Louis Rams,,,,,,,,,,,,,,,V,,
10/19/2014,St Louis Rams,,,,,,,,,,,,,,,,Seattle Seahawks,,,,,,,,,,,,,,,H,,
10/19/2014,Tennessee Titans,,,,,,,,,,,,,,,,Washington Redskins,,,,,,,,,,,,,,,V,,
10/19/2014,Washington Redskins,,,,,,,,,,,,,,,,Tennessee Titans,,,,,,,,,,,,,,,H,,
10/20/2014,Houston Texans,,,,,,,,,,,,,,,,Pittsburgh Steelers,,,,,,,,,,,,,,,V,,
10/20/2014,Pittsburgh Steelers,,,,,,,,,,,,,,,,Houston Texans,,,,,,,,,,,,,,,H,,
10/23/2014,Denver Broncos,,,,,,,,,,,,,,,,San Diego Chargers,,,,,,,,,,,,,,,H,,
10/23/2014,San Diego Chargers,,,,,,,,,,,,,,,,Denver Broncos,,,,,,,,,,,,,,,V,,
10/26/2014,Arizona Cardinals,,,,,,,,,,,,,,,,Philadelphia Eagles,,,,,,,,,,,,,,,H,,
10/26/2014,Atlanta Falcons,,,,,,,,,,,,,,,,Detroit Lions,,,,,,,,,,,,,,,N,,
10/26/2014,Baltimore Ravens,,,,,,,,,,,,,,,,Cincinnati Bengals,,,,,,,,,,,,,,,V,,
10/26/2014,Buffalo Bills,,,,,,,,,,,,,,,,New York Jets,,,,,,,,,,,,,,,V,,
10/26/2014,Carolina Panthers,,,,,,,,,,,,,,,,Seattle Seahawks,,,,,,,,,,,,,,,H,,
10/26/2014,Chicago Bears,,,,,,,,,,,,,,,,New England Patriots,,,,,,,,,,,,,,,V,,
10/26/2014,Cincinnati Bengals,,,,,,,,,,,,,,,,Baltimore Ravens,,,,,,,,,,,,,,,H,,
10/26/2014,Cleveland Browns,,,,,,,,,,,,,,,,Oakland Raiders,,,,,,,,,,,,,,,H,,
10/26/2014,Detroit Lions,,,,,,,,,,,,,,,,Atlanta Falcons,,,,,,,,,,,,,,,N,,
10/26/2014,Green Bay Packers,,,,,,,,,,,,,,,,New Orleans Saints,,,,,,,,,,,,,,,V,,
10/26/2014,Houston Texans,,,,,,,,,,,,,,,,Tennessee Titans,,,,,,,,,,,,,,,V,,
10/26/2014,Indianapolis Colts,,,,,,,,,,,,,,,,Pittsburgh Steelers,,,,,,,,,,,,,,,V,,
10/26/2014,Jacksonville Jaguars,,,,,,,,,,,,,,,,Miami Dolphins,,,,,,,,,,,,,,,H,,
10/26/2014,Kansas City Chiefs,,,,,,,,,,,,,,,,St Louis Rams,,,,,,,,,,,,,,,H,,
10/26/2014,Miami Dolphins,,,,,,,,,,,,,,,,Jacksonville Jaguars,,,,,,,,,,,,,,,V,,
10/26/2014,Minnesota Vikings,,,,,,,,,,,,,,,,Tampa Bay Buccaneers,,,,,,,,,,,,,,,V,,
10/26/2014,New England Patriots,,,,,,,,,,,,,,,,Chicago Bears,,,,,,,,,,,,,,,H,,
10/26/2014,New Orleans Saints,,,,,,,,,,,,,,,,Green Bay Packers,,,,,,,,,,,,,,,H,,
10/26/2014,New York Jets,,,,,,,,,,,,,,,,Buffalo Bills,,,,,,,,,,,,,,,H,,
10/26/2014,Oakland Raiders,,,,,,,,,,,,,,,,Cleveland Browns,,,,,,,,,,,,,,,V,,
10/26/2014,Philadelphia Eagles,,,,,,,,,,,,,,,,Arizona Cardinals,,,,,,,,,,,,,,,V,,
10/26/2014,Pittsburgh Steelers,,,,,,,,,,,,,,,,Indianapolis Colts,,,,,,,,,,,,,,,H,,
10/26/2014,Seattle Seahawks,,,,,,,,,,,,,,,,Carolina Panthers,,,,,,,,,,,,,,,V,,
10/26/2014,St Louis Rams,,,,,,,,,,,,,,,,Kansas City Chiefs,,,,,,,,,,,,,,,V,,
10/26/2014,Tampa Bay Buccaneers,,,,,,,,,,,,,,,,Minnesota Vikings,,,,,,,,,,,,,,,H,,
10/26/2014,Tennessee Titans,,,,,,,,,,,,,,,,Houston Texans,,,,,,,,,,,,,,,H,,
10/27/2014,Dallas Cowboys,,,,,,,,,,,,,,,,Washington Redskins,,,,,,,,,,,,,,,H,,
10/27/2014,Washington Redskins,,,,,,,,,,,,,,,,Dallas Cowboys,,,,,,,,,,,,,,,V,,
10/30/2014,Carolina Panthers,,,,,,,,,,,,,,,,New Orleans Saints,,,,,,,,,,,,,,,H,,
10/30/2014,New Orleans Saints,,,,,,,,,,,,,,,,Carolina Panthers,,,,,,,,,,,,,,,V,,
11/02/2014,Arizona Cardinals,,,,,,,,,,,,,,,,Dallas Cowboys,,,,,,,,,,,,,,,V,,
11/02/2014,Baltimore Ravens,,,,,,,,,,,,,,,,Pittsburgh Steelers,,,,,,,,,,,,,,,V,,
11/02/2014,Cincinnati Bengals,,,,,,,,,,,,,,,,Jacksonville Jaguars,,,,,,,,,,,,,,,H,,
11/02/2014,Cleveland Browns,,,,,,,,,,,,,,,,Tampa Bay Buccaneers,,,,,,,,,,,,,,,H,,
11/02/2014,Dallas Cowboys,,,,,,,,,,,,,,,,Arizona Cardinals,,,,,,,,,,,,,,,H,,
11/02/2014,Denver Broncos,,,,,,,,,,,,,,,,New England Patriots,,,,,,,,,,,,,,,V,,
11/02/2014,Houston Texans,,,,,,,,,,,,,,,,Philadelphia Eagles,,,,,,,,,,,,,,,H,,
11/02/2014,Jacksonville Jaguars,,,,,,,,,,,,,,,,Cincinnati Bengals,,,,,,,,,,,,,,,V,,
11/02/2014,Kansas City Chiefs,,,,,,,,,,,,,,,,New York Jets,,,,,,,,,,,,,,,H,,
11/02/2014,Miami Dolphins,,,,,,,,,,,,,,,,San Diego Chargers,,,,,,,,,,,,,,,H,,
11/02/2014,Minnesota Vikings,,,,,,,,,,,,,,,,Washington Redskins,,,,,,,,,,,,,,,H,,
11/02/2014,New England Patriots,,,,,,,,,,,,,,,,Denver Broncos,,,,,,,,,,,,,,,H,,
11/02/2014,New York Jets,,,,,,,,,,,,,,,,Kansas City Chiefs,,,,,,,,,,,,,,,V,,
11/02/2014,Oakland Raiders,,,,,,,,,,,,,,,,Seattle Seahawks,,,,,,,,,,,,,,,V,,
11/02/2014,Philadelphia Eagles,,,,,,,,,,,,,,,,Houston Texans,,,,,,,,,,,,,,,V,,
11/02/2014,Pittsburgh Steelers,,,,,,,,,,,,,,,,Baltimore Ravens,,,,,,,,,,,,,,,H,,
11/02/2014,San Diego Chargers,,,,,,,,,,,,,,,,Miami Dolphins,,,,,,,,,,,,,,,V,,
11/02/2014,San Francisco 49ers,,,,,,,,,,,,,,,,St Louis Rams,,,,,,,,,,,,,,,H,,
11/02/2014,Seattle Seahawks,,,,,,,,,,,,,,,,Oakland Raiders,,,,,,,,,,,,,,,H,,
11/02/2014,St Louis Rams,,,,,,,,,,,,,,,,San Francisco 49ers,,,,,,,,,,,,,,,V,,
11/02/2014,Tampa Bay Buccaneers,,,,,,,,,,,,,,,,Cleveland Browns,,,,,,,,,,,,,,,V,,
11/02/2014,Washington Redskins,,,,,,,,,,,,,,,,Minnesota Vikings,,,,,,,,,,,,,,,V,,
11/03/2014,Indianapolis Colts,,,,,,,,,,,,,,,,New York Giants,,,,,,,,,,,,,,,V,,
11/03/2014,New York Giants,,,,,,,,,,,,,,,,Indianapolis Colts,,,,,,,,,,,,,,,H,,
11/06/2014,Cincinnati Bengals,,,,,,,,,,,,,,,,Cleveland Browns,,,,,,,,,,,,,,,H,,
11/06/2014,Cleveland Browns,,,,,,,,,,,,,,,,Cincinnati Bengals,,,,,,,,,,,,,,,V,,
11/09/2014,Arizona Cardinals,,,,,,,,,,,,,,,,St Louis Rams,,,,,,,,,,,,,,,H,,
11/09/2014,Atlanta Falcons,,,,,,,,,,,,,,,,Tampa Bay Buccaneers,,,,,,,,,,,,,,,V,,
11/09/2014,Baltimore Ravens,,,,,,,,,,,,,,,,Tennessee Titans,,,,,,,,,,,,,,,H,,
11/09/2014,Buffalo Bills,,,,,,,,,,,,,,,,Kansas City Chiefs,,,,,,,,,,,,,,,H,,
11/09/2014,Chicago Bears,,,,,,,,,,,,,,,,Green Bay Packers,,,,,,,,,,,,,,,V,,
11/09/2014,Dallas Cowboys,,,,,,,,,,,,,,,,Jacksonville Jaguars,,,,,,,,,,,,,,,N,,
11/09/2014,Denver Broncos,,,,,,,,,,,,,,,,Oakland Raiders,,,,,,,,,,,,,,,V,,
11/09/2014,Detroit Lions,,,,,,,,,,,,,,,,Miami Dolphins,,,,,,,,,,,,,,,H,,
11/09/2014,Green Bay Packers,,,,,,,,,,,,,,,,Chicago Bears,,,,,,,,,,,,,,,H,,
11/09/2014,Jacksonville Jaguars,,,,,,,,,,,,,,,,Dallas Cowboys,,,,,,,,,,,,,,,N,,
11/09/2014,Kansas City Chiefs,,,,,,,,,,,,,,,,Buffalo Bills,,,,,,,,,,,,,,,V,,
11/09/2014,Miami Dolphins,,,,,,,,,,,,,,,,Detroit Lions,,,,,,,,,,,,,,,V,,
11/09/2014,New Orleans Saints,,,,,,,,,,,,,,,,San Francisco 49ers,,,,,,,,,,,,,,,H,,
11/09/2014,New York Giants,,,,,,,,,,,,,,,,Seattle Seahawks,,,,,,,,,,,,,,,V,,
11/09/2014,New York Jets,,,,,,,,,,,,,,,,Pittsburgh Steelers,,,,,,,,,,,,,,,H,,
11/09/2014,Oakland Raiders,,,,,,,,,,,,,,,,Denver Broncos,,,,,,,,,,,,,,,H,,
11/09/2014,Pittsburgh Steelers,,,,,,,,,,,,,,,,New York Jets,,,,,,,,,,,,,,,V,,
11/09/2014,San Francisco 49ers,,,,,,,,,,,,,,,,New Orleans Saints,,,,,,,,,,,,,,,V,,
11/09/2014,Seattle Seahawks,,,,,,,,,,,,,,,,New York Giants,,,,,,,,,,,,,,,H,,
11/09/2014,St Louis Rams,,,,,,,,,,,,,,,,Arizona Cardinals,,,,,,,,,,,,,,,V,,
11/09/2014,Tampa Bay Buccaneers,,,,,,,,,,,,,,,,Atlanta Falcons,,,,,,,,,,,,,,,H,,
11/09/2014,Tennessee Titans,,,,,,,,,,,,,,,,Baltimore Ravens,,,,,,,,,,,,,,,V,,
11/10/2014,Carolina Panthers,,,,,,,,,,,,,,,,Philadelphia Eagles,,,,,,,,,,,,,,,V,,
11/10/2014,Philadelphia Eagles,,,,,,,,,,,,,,,,Carolina Panthers,,,,,,,,,,,,,,,H,,
11/13/2014,Buffalo Bills,,,,,,,,,,,,,,,,Miami Dolphins,,,,,,,,,,,,,,,V,,
11/13/2014,Miami Dolphins,,,,,,,,,,,,,,,,Buffalo Bills,,,,,,,,,,,,,,,H,,
11/16/2014,Arizona Cardinals,,,,,,,,,,,,,,,,Detroit Lions,,,,,,,,,,,,,,,H,,
11/16/2014,Atlanta Falcons,,,,,,,,,,,,,,,,Carolina Panthers,,,,,,,,,,,,,,,V,,
11/16/2014,Carolina Panthers,,,,,,,,,,,,,,,,Atlanta Falcons,,,,,,,,,,,,,,,H,,
11/16/2014,Chicago Bears,,,,,,,,,,,,,,,,Minnesota Vikings,,,,,,,,,,,,,,,H,,
11/16/2014,Cincinnati Bengals,,,,,,,,,,,,,,,,New Orleans Saints,,,,,,,,,,,,,,,V,,
11/16/2014,Cleveland Browns,,,,,,,,,,,,,,,,Houston Texans,,,,,,,,,,,,,,,H,,
11/16/2014,Denver Broncos,,,,,,,,,,,,,,,,St Louis Rams,,,,,,,,,,,,,,,V,,
11/16/2014,Detroit Lions,,,,,,,,,,,,,,,,Arizona Cardinals,,,,,,,,,,,,,,,V,,
11/16/2014,Green Bay Packers,,,,,,,,,,,,,,,,Philadelphia Eagles,,,,,,,,,,,,,,,H,,
11/16/2014,Houston Texans,,,,,,,,,,,,,,,,Cleveland Browns,,,,,,,,,,,,,,,V,,
11/16/2014,Indianapolis Colts,,,,,,,,,,,,,,,,New England Patriots,,,,,,,,,,,,,,,H,,
11/16/2014,Kansas City Chiefs,,,,,,,,,,,,,,,,Seattle Seahawks,,,,,,,,,,,,,,,H,,
11/16/2014,Minnesota Vikings,,,,,,,,,,,,,,,,Chicago Bears,,,,,,,,,,,,,,,V,,
11/16/2014,New England Patriots,,,,,,,,,,,,,,,,Indianapolis Colts,,,,,,,,,,,,,,,V,,
11/16/2014,New Orleans Saints,,,,,,,,,,,,,,,,Cincinnati Bengals,,,,,,,,,,,,,,,H,,
11/16/2014,New York Giants,,,,,,,,,,,,,,,,San Francisco 49ers,,,,,,,,,,,,,,,H,,
11/16/2014,Oakland Raiders,,,,,,,,,,,,,,,,San Diego Chargers,,,,,,,,,,,,,,,V,,
11/16/2014,Philadelphia Eagles,,,,,,,,,,,,,,,,Green Bay Packers,,,,,,,,,,,,,,,V,,
11/16/2014,San Diego Chargers,,,,,,,,,,,,,,,,Oakland Raiders,,,,,,,,,,,,,,,H,,
11/16/2014,San Francisco 49ers,,,,,,,,,,,,,,,,New York Giants,,,,,,,,,,,,,,,V,,
11/16/2014,Seattle Seahawks,,,,,,,,,,,,,,,,Kansas City Chiefs,,,,,,,,,,,,,,,V,,
11/16/2014,St Louis Rams,,,,,,,,,,,,,,,,Denver Broncos,,,,,,,,,,,,,,,H,,
11/16/2014,Tampa Bay Buccaneers,,,,,,,,,,,,,,,,Washington Redskins,,,,,,,,,,,,,,,V,,
11/16/2014,Washington Redskins,,,,,,,,,,,,,,,,Tampa Bay Buccaneers,,,,,,,,,,,,,,,H,,
11/17/2014,Pittsburgh Steelers,,,,,,,,,,,,,,,,Tennessee Titans,,,,,,,,,,,,,,,V,,
11/17/2014,Tennessee Titans,,,,,,,,,,,,,,,,Pittsburgh Steelers,,,,,,,,,,,,,,,H,,
11/20/2014,Kansas City Chiefs,,,,,,,,,,,,,,,,Oakland Raiders,,,,,,,,,,,,,,,V,,
11/20/2014,Oakland Raiders,,,,,,,,,,,,,,,,Kansas City Chiefs,,,,,,,,,,,,,,,H,,
11/23/2014,Arizona Cardinals,,,,,,,,,,,,,,,,Seattle Seahawks,,,,,,,,,,,,,,,V,,
11/23/2014,Atlanta Falcons,,,,,,,,,,,,,,,,Cleveland Browns,,,,,,,,,,,,,,,H,,
11/23/2014,Buffalo Bills,,,,,,,,,,,,,,,,New York Jets,,,,,,,,,,,,,,,H,,
11/23/2014,Chicago Bears,,,,,,,,,,,,,,,,Tampa Bay Buccaneers,,,,,,,,,,,,,,,H,,
11/23/2014,Cincinnati Bengals,,,,,,,,,,,,,,,,Houston Texans,,,,,,,,,,,,,,,V,,
11/23/2014,Cleveland Browns,,,,,,,,,,,,,,,,Atlanta Falcons,,,,,,,,,,,,,,,V,,
11/23/2014,Dallas Cowboys,,,,,,,,,,,,,,,,New York Giants,,,,,,,,,,,,,,,V,,
11/23/2014,Denver Broncos,,,,,,,,,,,,,,,,Miami Dolphins,,,,,,,,,,,,,,,H,,
11/23/2014,Detroit Lions,,,,,,,,,,,,,,,,New England Patriots,,,,,,,,,,,,,,,V,,
11/23/2014,Green Bay Packers,,,,,,,,,,,,,,,,Minnesota Vikings,,,,,,,,,,,,,,,V,,
11/23/2014,Houston Texans,,,,,,,,,,,,,,,,Cincinnati Bengals,,,,,,,,,,,,,,,H,,
11/23/2014,Indianapolis Colts,,,,,,,,,,,,,,,,Jacksonville Jaguars,,,,,,,,,,,,,,,H,,
11/23/2014,Jacksonville Jaguars,,,,,,,,,,,,,,,,Indianapolis Colts,,,,,,,,,,,,,,,V,,
11/23/2014,Miami Dolphins,,,,,,,,,,,,,,,,Denver Broncos,,,,,,,,,,,,,,,V,,
11/23/2014,Minnesota Vikings,,,,,,,,,,,,,,,,Green Bay Packers,,,,,,,,,,,,,,,H,,
11/23/2014,New England Patriots,,,,,,,,,,,,,,,,Detroit Lions,,,,,,,,,,,,,,,H,,
11/23/2014,New York Giants,,,,,,,,,,,,,,,,Dallas Cowboys,,,,,,,,,,,,,,,H,,
11/23/2014,New York Jets,,,,,,,,,,,,,,,,Buffalo Bills,,,,,,,,,,,,,,,V,,
11/23/2014,Philadelphia Eagles,,,,,,,,,,,,,,,,Tennessee Titans,,,,,,,,,,,,,,,H,,
11/23/2014,San Diego Chargers,,,,,,,,,,,,,,,,St Louis Rams,,,,,,,,,,,,,,,H,,
11/23/2014,San Francisco 49ers,,,,,,,,,,,,,,,,Washington Redskins,,,,,,,,,,,,,,,H,,
11/23/2014,Seattle Seahawks,,,,,,,,,,,,,,,,Arizona Cardinals,,,,,,,,,,,,,,,H,,
11/23/2014,St Louis Rams,,,,,,,,,,,,,,,,San Diego Chargers,,,,,,,,,,,,,,,V,,
11/23/2014,Tampa Bay Buccaneers,,,,,,,,,,,,,,,,Chicago Bears,,,,,,,,,,,,,,,V,,
11/23/2014,Tennessee Titans,,,,,,,,,,,,,,,,Philadelphia Eagles,,,,,,,,,,,,,,,V,,
11/23/2014,Washington Redskins,,,,,,,,,,,,,,,,San Francisco 49ers,,,,,,,,,,,,,,,V,,
11/24/2014,Baltimore Ravens,,,,,,,,,,,,,,,,New Orleans Saints,,,,,,,,,,,,,,,V,,
11/24/2014,New Orleans Saints,,,,,,,,,,,,,,,,Baltimore Ravens,,,,,,,,,,,,,,,H,,
11/27/2014,Chicago Bears,,,,,,,,,,,,,,,,Detroit Lions,,,,,,,,,,,,,,,V,,
11/27/2014,Dallas Cowboys,,,,,,,,,,,,,,,,Philadelphia Eagles,,,,,,,,,,,,,,,H,,
11/27/2014,Detroit Lions,,,,,,,,,,,,,,,,Chicago Bears,,,,,,,,,,,,,,,H,,
11/27/2014,Philadelphia Eagles,,,,,,,,,,,,,,,,Dallas Cowboys,,,,,,,,,,,,,,,V,,
11/27/2014,San Francisco 49ers,,,,,,,,,,,,,,,,Seattle Seahawks,,,,,,,,,,,,,,,H,,
11/27/2014,Seattle Seahawks,,,,,,,,,,,,,,,,San Francisco 49ers,,,,,,,,,,,,,,,V,,
11/30/2014,Arizona Cardinals,,,,,,,,,,,,,,,,Atlanta Falcons,,,,,,,,,,,,,,,V,,
11/30/2014,Atlanta Falcons,,,,,,,,,,,,,,,,Arizona Cardinals,,,,,,,,,,,,,,,H,,
11/30/2014,Baltimore Ravens,,,,,,,,,,,,,,,,San Diego Chargers,,,,,,,,,,,,,,,H,,
11/30/2014,Buffalo Bills,,,,,,,,,,,,,,,,Cleveland Browns,,,,,,,,,,,,,,,H,,
11/30/2014,Carolina Panthers,,,,,,,,,,,,,,,,Minnesota Vikings,,,,,,,,,,,,,,,V,,
11/30/2014,Cincinnati Bengals,,,,,,,,,,,,,,,,Tampa Bay Buccaneers,,,,,,,,,,,,,,,V,,
11/30/2014,Cleveland Browns,,,,,,,,,,,,,,,,Buffalo Bills,,,,,,,,,,,,,,,V,,
11/30/2014,Denver Broncos,,,,,,,,,,,,,,,,Kansas City Chiefs,,,,,,,,,,,,,,,V,,
11/30/2014,Green Bay Packers,,,,,,,,,,,,,,,,New England Patriots,,,,,,,,,,,,,,,H,,
11/30/2014,Houston Texans,,,,,,,,,,,,,,,,Tennessee Titans,,,,,,,,,,,,,,,H,,
11/30/2014,Indianapolis Colts,,,,,,,,,,,,,,,,Washington Redskins,,,,,,,,,,,,,,,H,,
11/30/2014,Jacksonville Jaguars,,,,,,,,,,,,,,,,New York Giants,,,,,,,,,,,,,,,H,,
11/30/2014,Kansas City Chiefs,,,,,,,,,,,,,,,,Denver Broncos,,,,,,,,,,,,,,,H,,
11/30/2014,Minnesota Vikings,,,,,,,,,,,,,,,,Carolina Panthers,,,,,,,,,,,,,,,H,,
11/30/2014,New England Patriots,,,,,,,,,,,,,,,,Green Bay Packers,,,,,,,,,,,,,,,V,,
11/30/2014,New Orleans Saints,,,,,,,,,,,,,,,,Pittsburgh Steelers,,,,,,,,,,,,,,,V,,
11/30/2014,New York Giants,,,,,,,,,,,,,,,,Jacksonville Jaguars,,,,,,,,,,,,,,,V,,
11/30/2014,Oakland Raiders,,,,,,,,,,,,,,,,St Louis Rams,,,,,,,,,,,,,,,V,,
11/30/2014,Pittsburgh Steelers,,,,,,,,,,,,,,,,New Orleans Saints,,,,,,,,,,,,,,,H,,
11/30/2014,San Diego Chargers,,,,,,,,,,,,,,,,Baltimore Ravens,,,,,,,,,,,,,,,V,,
11/30/2014,St Louis Rams,,,,,,,,,,,,,,,,Oakland Raiders,,,,,,,,,,,,,,,H,,
11/30/2014,Tampa Bay Buccaneers,,,,,,,,,,,,,,,,Cincinnati Bengals,,,,,,,,,,,,,,,H,,
11/30/2014,Tennessee Titans,,,,,,,,,,,,,,,,Houston Texans,,,,,,,,,,,,,,,V,,
11/30/2014,Washington Redskins,,,,,,,,,,,,,,,,Indianapolis Colts,,,,,,,,,,,,,,,V,,
12/01/2014,Miami Dolphins,,,,,,,,,,,,,,,,New York Jets,,,,,,,,,,,,,,,V,,
12/01/2014,New York Jets,,,,,,,,,,,,,,,,Miami Dolphins,,,,,,,,,,,,,,,H,,
12/04/2014,Chicago Bears,,,,,,,,,,,,,,,,Dallas Cowboys,,,,,,,,,,,,,,,H,,
12/04/2014,Dallas Cowboys,,,,,,,,,,,,,,,,Chicago Bears,,,,,,,,,,,,,,,V,,
12/07/2014,Arizona Cardinals,,,,,,,,,,,,,,,,Kansas City Chiefs,,,,,,,,,,,,,,,H,,
12/07/2014,Baltimore Ravens,,,,,,,,,,,,,,,,Miami Dolphins,,,,,,,,,,,,,,,V,,
12/07/2014,Buffalo Bills,,,,,,,,,,,,,,,,Denver Broncos,,,,,,,,,,,,,,,V,,
12/07/2014,Carolina Panthers,,,,,,,,,,,,,,,,New Orleans Saints,,,,,,,,,,,,,,,V,,
12/07/2014,Cincinnati Bengals,,,,,,,,,,,,,,,,Pittsburgh Steelers,,,,,,,,,,,,,,,H,,
12/07/2014,Cleveland Browns,,,,,,,,,,,,,,,,Indianapolis Colts,,,,,,,,,,,,,,,H,,
12/07/2014,Denver Broncos,,,,,,,,,,,,,,,,Buffalo Bills,,,,,,,,,,,,,,,H,,
12/07/2014,Detroit Lions,,,,,,,,,,,,,,,,Tampa Bay Buccaneers,,,,,,,,,,,,,,,H,,
12/07/2014,Houston Texans,,,,,,,,,,,,,,,,Jacksonville Jaguars,,,,,,,,,,,,,,,V,,
12/07/2014,Indianapolis Colts,,,,,,,,,,,,,,,,Cleveland Browns,,,,,,,,,,,,,,,V,,
12/07/2014,Jacksonville Jaguars,,,,,,,,,,,,,,,,Houston Texans,,,,,,,,,,,,,,,H,,
12/07/2014,Kansas City Chiefs,,,,,,,,,,,,,,,,Arizona Cardinals,,,,,,,,,,,,,,,V,,
12/07/2014,Miami Dolphins,,,,,,,,,,,,,,,,Baltimore Ravens,,,,,,,,,,,,,,,H,,
12/07/2014,Minnesota Vikings,,,,,,,,,,,,,,,,New York Jets,,,,,,,,,,,,,,,H,,
12/07/2014,New England Patriots,,,,,,,,,,,,,,,,San Diego Chargers,,,,,,,,,,,,,,,V,,
12/07/2014,New Orleans Saints,,,,,,,,,,,,,,,,Carolina Panthers,,,,,,,,,,,,,,,H,,
12/07/2014,New York Giants,,,,,,,,,,,,,,,,Tennessee Titans,,,,,,,,,,,,,,,V,,
12/07/2014,New York Jets,,,,,,,,,,,,,,,,Minnesota Vikings,,,,,,,,,,,,,,,V,,
12/07/2014,Oakland Raiders,,,,,,,,,,,,,,,,San Francisco 49ers,,,,,,,,,,,,,,,H,,
12/07/2014,Philadelphia Eagles,,,,,,,,,,,,,,,,Seattle Seahawks,,,,,,,,,,,,,,,H,,
12/07/2014,Pittsburgh Steelers,,,,,,,,,,,,,,,,Cincinnati Bengals,,,,,,,,,,,,,,,V,,
12/07/2014,San Diego Chargers,,,,,,,,,,,,,,,,New England Patriots,,,,,,,,,,,,,,,H,,
12/07/2014,San Francisco 49ers,,,,,,,,,,,,,,,,Oakland Raiders,,,,,,,,,,,,,,,V,,
12/07/2014,Seattle Seahawks,,,,,,,,,,,,,,,,Philadelphia Eagles,,,,,,,,,,,,,,,V,,
12/07/2014,St Louis Rams,,,,,,,,,,,,,,,,Washington Redskins,,,,,,,,,,,,,,,V,,
12/07/2014,Tampa Bay Buccaneers,,,,,,,,,,,,,,,,Detroit Lions,,,,,,,,,,,,,,,V,,
12/07/2014,Tennessee Titans,,,,,,,,,,,,,,,,New York Giants,,,,,,,,,,,,,,,H,,
12/07/2014,Washington Redskins,,,,,,,,,,,,,,,,St Louis Rams,,,,,,,,,,,,,,,H,,
12/08/2014,Atlanta Falcons,,,,,,,,,,,,,,,,Green Bay Packers,,,,,,,,,,,,,,,V,,
12/08/2014,Green Bay Packers,,,,,,,,,,,,,,,,Atlanta Falcons,,,,,,,,,,,,,,,H,,
12/11/2014,Arizona Cardinals,,,,,,,,,,,,,,,,St Louis Rams,,,,,,,,,,,,,,,V,,
12/11/2014,St Louis Rams,,,,,,,,,,,,,,,,Arizona Cardinals,,,,,,,,,,,,,,,H,,
12/14/2014,Atlanta Falcons,,,,,,,,,,,,,,,,Pittsburgh Steelers,,,,,,,,,,,,,,,H,,
12/14/2014,Baltimore Ravens,,,,,,,,,,,,,,,,Jacksonville Jaguars,,,,,,,,,,,,,,,H,,
12/14/2014,Buffalo Bills,,,,,,,,,,,,,,,,Green Bay Packers,,,,,,,,,,,,,,,H,,
12/14/2014,Carolina Panthers,,,,,,,,,,,,,,,,Tampa Bay Buccaneers,,,,,,,,,,,,,,,H,,
12/14/2014,Cincinnati Bengals,,,,,,,,,,,,,,,,Cleveland Browns,,,,,,,,,,,,,,,V,,
12/14/2014,Cleveland Browns,,,,,,,,,,,,,,,,Cincinnati Bengals,,,,,,,,,,,,,,,H,,
12/14/2014,Dallas Cowboys,,,,,,,,,,,,,,,,Philadelphia Eagles,,,,,,,,,,,,,,,V,,
12/14/2014,Denver Broncos,,,,,,,,,,,,,,,,San Diego Chargers,,,,,,,,,,,,,,,V,,
12/14/2014,Detroit Lions,,,,,,,,,,,,,,,,Minnesota Vikings,,,,,,,,,,,,,,,H,,
12/14/2014,Green Bay Packers,,,,,,,,,,,,,,,,Buffalo Bills,,,,,,,,,,,,,,,V,,
12/14/2014,Houston Texans,,,,,,,,,,,,,,,,Indianapolis Colts,,,,,,,,,,,,,,,V,,
12/14/2014,Indianapolis Colts,,,,,,,,,,,,,,,,Houston Texans,,,,,,,,,,,,,,,H,,
12/14/2014,Jacksonville Jaguars,,,,,,,,,,,,,,,,Baltimore Ravens,,,,,,,,,,,,,,,V,,
12/14/2014,Kansas City Chiefs,,,,,,,,,,,,,,,,Oakland Raiders,,,,,,,,,,,,,,,H,,
12/14/2014,Miami Dolphins,,,,,,,,,,,,,,,,New England Patriots,,,,,,,,,,,,,,,V,,
12/14/2014,Minnesota Vikings,,,,,,,,,,,,,,,,Detroit Lions,,,,,,,,,,,,,,,V,,
12/14/2014,New England Patriots,,,,,,,,,,,,,,,,Miami Dolphins,,,,,,,,,,,,,,,H,,
12/14/2014,New York Giants,,,,,,,,,,,,,,,,Washington Redskins,,,,,,,,,,,,,,,H,,
12/14/2014,New York Jets,,,,,,,,,,,,,,,,Tennessee Titans,,,,,,,,,,,,,,,V,,
12/14/2014,Oakland Raiders,,,,,,,,,,,,,,,,Kansas City Chiefs,,,,,,,,,,,,,,,V,,
12/14/2014,Philadelphia Eagles,,,,,,,,,,,,,,,,Dallas Cowboys,,,,,,,,,,,,,,,H,,
12/14/2014,Pittsburgh Steelers,,,,,,,,,,,,,,,,Atlanta Falcons,,,,,,,,,,,,,,,V,,
12/14/2014,San Diego Chargers,,,,,,,,,,,,,,,,Denver Broncos,,,,,,,,,,,,,,,H,,
12/14/2014,San Francisco 49ers,,,,,,,,,,,,,,,,Seattle Seahawks,,,,,,,,,,,,,,,V,,
12/14/2014,Seattle Seahawks,,,,,,,,,,,,,,,,San Francisco 49ers,,,,,,,,,,,,,,,H,,
12/14/2014,Tampa Bay Buccaneers,,,,,,,,,,,,,,,,Carolina Panthers,,,,,,,,,,,,,,,V,,
12/14/2014,Tennessee Titans,,,,,,,,,,,,,,,,New York Jets,,,,,,,,,,,,,,,H,,
12/14/2014,Washington Redskins,,,,,,,,,,,,,,,,New York Giants,,,,,,,,,,,,,,,V,,
12/15/2014,Chicago Bears,,,,,,,,,,,,,,,,New Orleans Saints,,,,,,,,,,,,,,,H,,
12/15/2014,New Orleans Saints,,,,,,,,,,,,,,,,Chicago Bears,,,,,,,,,,,,,,,V,,
12/18/2014,Jacksonville Jaguars,,,,,,,,,,,,,,,,Tennessee Titans,,,,,,,,,,,,,,,H,,
12/18/2014,Tennessee Titans,,,,,,,,,,,,,,,,Jacksonville Jaguars,,,,,,,,,,,,,,,V,,
12/20/2014,Philadelphia Eagles,,,,,,,,,,,,,,,,Washington Redskins,,,,,,,,,,,,,,,V,,
12/20/2014,San Diego Chargers,,,,,,,,,,,,,,,,San Francisco 49ers,,,,,,,,,,,,,,,V,,
12/20/2014,San Francisco 49ers,,,,,,,,,,,,,,,,San Diego Chargers,,,,,,,,,,,,,,,H,,
12/20/2014,Washington Redskins,,,,,,,,,,,,,,,,Philadelphia Eagles,,,,,,,,,,,,,,,H,,
12/21/2014,Arizona Cardinals,,,,,,,,,,,,,,,,Seattle Seahawks,,,,,,,,,,,,,,,H,,
12/21/2014,Atlanta Falcons,,,,,,,,,,,,,,,,New Orleans Saints,,,,,,,,,,,,,,,V,,
12/21/2014,Baltimore Ravens,,,,,,,,,,,,,,,,Houston Texans,,,,,,,,,,,,,,,V,,
12/21/2014,Buffalo Bills,,,,,,,,,,,,,,,,Oakland Raiders,,,,,,,,,,,,,,,V,,
12/21/2014,Carolina Panthers,,,,,,,,,,,,,,,,Cleveland Browns,,,,,,,,,,,,,,,H,,
12/21/2014,Chicago Bears,,,,,,,,,,,,,,,,Detroit Lions,,,,,,,,,,,,,,,H,,
12/21/2014,Cleveland Browns,,,,,,,,,,,,,,,,Carolina Panthers,,,,,,,,,,,,,,,V,,
12/21/2014,Dallas Cowboys,,,,,,,,,,,,,,,,Indianapolis Colts,,,,,,,,,,,,,,,H,,
12/21/2014,Detroit Lions,,,,,,,,,,,,,,,,Chicago Bears,,,,,,,,,,,,,,,V,,
12/21/2014,Green Bay Packers,,,,,,,,,,,,,,,,Tampa Bay Buccaneers,,,,,,,,,,,,,,,V,,
12/21/2014,Houston Texans,,,,,,,,,,,,,,,,Baltimore Ravens,,,,,,,,,,,,,,,H,,
12/21/2014,Indianapolis Colts,,,,,,,,,,,,,,,,Dallas Cowboys,,,,,,,,,,,,,,,V,,
12/21/2014,Kansas City Chiefs,,,,,,,,,,,,,,,,Pittsburgh Steelers,,,,,,,,,,,,,,,V,,
12/21/2014,Miami Dolphins,,,,,,,,,,,,,,,,Minnesota Vikings,,,,,,,,,,,,,,,H,,
12/21/2014,Minnesota Vikings,,,,,,,,,,,,,,,,Miami Dolphins,,,,,,,,,,,,,,,V,,
12/21/2014,New England Patriots,,,,,,,,,,,,,,,,New York Jets,,,,,,,,,,,,,,,V,,
12/21/2014,New Orleans Saints,,,,,,,,,,,,,,,,Atlanta Falcons,,,,,,,,,,,,,,,H,,
12/21/2014,New York Giants,,,,,,,,,,,,,,,,St Louis Rams,,,,,,,,,,,,,,,V,,
12/21/2014,New York Jets,,,,,,,,,,,,,,,,New England Patriots,,,,,,,,,,,,,,,H,,
12/21/2014,Oakland Raiders,,,,,,,,,,,,,,,,Buffalo Bills,,,,,,,,,,,,,,,H,,
12/21/2014,Pittsburgh Steelers,,,,,,,,,,,,,,,,Kansas City Chiefs,,,,,,,,,,,,,,,H,,
12/21/2014,Seattle Seahawks,,,,,,,,,,,,,,,,Arizona Cardinals,,,,,,,,,,,,,,,V,,
12/21/2014,St Louis Rams,,,,,,,,,,,,,,,,New York Giants,,,,,,,,,,,,,,,H,,
12/21/2014,Tampa Bay Buccaneers,,,,,,,,,,,,,,,,Green Bay Packers,,,,,,,,,,,,,,,H,,
12/22/2014,Cincinnati Bengals,,,,,,,,,,,,,,,,Denver Broncos,,,,,,,,,,,,,,,H,,
12/22/2014,Denver Broncos,,,,,,,,,,,,,,,,Cincinnati Bengals,,,,,,,,,,,,,,,V,,
12/28/2014,Arizona Cardinals,,,,,,,,,,,,,,,,San Francisco 49ers,,,,,,,,,,,,,,,V,,
12/28/2014,Atlanta Falcons,,,,,,,,,,,,,,,,Carolina Panthers,,,,,,,,,,,,,,,H,,
12/28/2014,Baltimore Ravens,,,,,,,,,,,,,,,,Cleveland Browns,,,,,,,,,,,,,,,H,,
12/28/2014,Buffalo Bills,,,,,,,,,,,,,,,,New England Patriots,,,,,,,,,,,,,,,V,,
12/28/2014,Carolina Panthers,,,,,,,,,,,,,,,,Atlanta Falcons,,,,,,,,,,,,,,,V,,
12/28/2014,Chicago Bears,,,,,,,,,,,,,,,,Minnesota Vikings,,,,,,,,,,,,,,,V,,
12/28/2014,Cincinnati Bengals,,,,,,,,,,,,,,,,Pittsburgh Steelers,,,,,,,,,,,,,,,V,,
12/28/2014,Cleveland Browns,,,,,,,,,,,,,,,,Baltimore Ravens,,,,,,,,,,,,,,,V,,
12/28/2014,Dallas Cowboys,,,,,,,,,,,,,,,,Washington Redskins,,,,,,,,,,,,,,,V,,
12/28/2014,Denver Broncos,,,,,,,,,,,,,,,,Oakland Raiders,,,,,,,,,,,,,,,H,,
12/28/2014,Detroit Lions,,,,,,,,,,,,,,,,Green Bay Packers,,,,,,,,,,,,,,,V,,
12/28/2014,Green Bay Packers,,,,,,,,,,,,,,,,Detroit Lions,,,,,,,,,,,,,,,H,,
12/28/2014,Houston Texans,,,,,,,,,,,,,,,,Jacksonville Jaguars,,,,,,,,,,,,,,,H,,
12/28/2014,Indianapolis Colts,,,,,,,,,,,,,,,,Tennessee Titans,,,,,,,,,,,,,,,V,,
12/28/2014,Jacksonville Jaguars,,,,,,,,,,,,,,,,Houston Texans,,,,,,,,,,,,,,,V,,
12/28/2014,Kansas City Chiefs,,,,,,,,,,,,,,,,San Diego Chargers,,,,,,,,,,,,,,,H,,
12/28/2014,Miami Dolphins,,,,,,,,,,,,,,,,New York Jets,,,,,,,,,,,,,,,H,,
12/28/2014,Minnesota Vikings,,,,,,,,,,,,,,,,Chicago Bears,,,,,,,,,,,,,,,H,,
12/28/2014,New England Patriots,,,,,,,,,,,,,,,,Buffalo Bills,,,,,,,,,,,,,,,H,,
12/28/2014,New Orleans Saints,,,,,,,,,,,,,,,,Tampa Bay Buccaneers,,,,,,,,,,,,,,,V,,
12/28/2014,New York Giants,,,,,,,,,,,,,,,,Philadelphia Eagles,,,,,,,,,,,,,,,H,,
12/28/2014,New York Jets,,,,,,,,,,,,,,,,Miami Dolphins,,,,,,,,,,,,,,,V,,
12/28/2014,Oakland Raiders,,,,,,,,,,,,,,,,Denver Broncos,,,,,,,,,,,,,,,V,,
12/28/2014,Philadelphia Eagles,,,,,,,,,,,,,,,,New York Giants,,,,,,,,,,,,,,,V,,
12/28/2014,Pittsburgh Steelers,,,,,,,,,,,,,,,,Cincinnati Bengals,,,,,,,,,,,,,,,H,,
12/28/2014,San Diego Chargers,,,,,,,,,,,,,,,,Kansas City Chiefs,,,,,,,,,,,,,,,V,,
12/28/2014,San Francisco 49ers,,,,,,,,,,,,,,,,Arizona Cardinals,,,,,,,,,,,,,,,H,,
12/28/2014,Seattle Seahawks,,,,,,,,,,,,,,,,St Louis Rams,,,,,,,,,,,,,,,H,,
12/28/2014,St Louis Rams,,,,,,,,,,,,,,,,Seattle Seahawks,,,,,,,,,,,,,,,V,,
12/28/2014,Tampa Bay Buccaneers,,,,,,,,,,,,,,,,New Orleans Saints,,,,,,,,,,,,,,,H,,
12/28/2014,Tennessee Titans,,,,,,,,,,,,,,,,Indianapolis Colts,,,,,,,,,,,,,,,H,,
12/28/2014,Washington Redskins,,,,,,,,,,,,,,,,Dallas Cowboys,,,,,,,,,,,,,,,H,,
