Date,TeamName,ScoreOff,FirstDownOff,ThirdDownPctOff,RushAttOff,RushYdsOff,PassAttOff,PassCompOff,PassYdsOff,PassIntOff,FumblesOff,SackNumOff,SackYdsOff,PenYdsOff,TimePossOff,PuntAvgOff,Opponent,ScoreDef,FirstDownDef,ThirdDownPctDef,RushAttDef,RushYdsDef,PassAttDef,PassCompDef,PassYdsDef,PassIntDef,FumblesDef,SackNumDef,SackYdsDef,PenYdsDef,TimePossDef,Site,Line,TotalLine
09/04/2014,Green Bay Packers,16,19,50%,21,80,33,23,175,1,0,3,14,65,26:40,38.3,Seattle Seahawks,36,25,36%,37,207,28,19,191,0,1,1,0,69,33:20,V,-5.5,46.5
09/04/2014,Seattle Seahawks,36,25,36%,37,207,28,19,191,0,1,1,0,69,33:20,33.0,Green Bay Packers,16,19,50%,21,80,33,23,175,1,0,3,14,65,26:40,H,5.5,46.5
09/07/2014,Atlanta Falcons,37,28,55%,25,123,43,31,445,0,1,1,3,96,30:26,52.3,New Orleans Saints,34,30,62%,28,139,42,29,333,1,1,0,0,27,29:34,H,-3,52
09/07/2014,Baltimore Ravens,16,26,47%,20,91,62,35,329,1,1,3,16,29,29:30,42.3,Cincinnati Bengals,23,16,29%,26,79,38,25,301,0,0,0,0,45,30:30,H,1.5,42.5
09/07/2014,Buffalo Bills,23,15,33%,33,193,22,16,167,1,0,1,6,108,28:05,43.0,Chicago Bears,20,29,42%,18,86,49,34,341,2,1,2,8,43,31:55,V,-6.5,47
09/07/2014,Carolina Panthers,20,19,40%,33,113,34,24,221,0,0,1,9,55,35:12,47.0,Tampa Bay Buccaneers,14,17,50%,17,102,35,22,162,2,1,3,21,15,24:48,V,-3,37.5
09/07/2014,Chicago Bears,20,29,42%,18,86,49,34,341,2,1,2,8,43,31:55,40.0,Buffalo Bills,23,15,33%,33,193,22,16,167,1,0,1,6,108,28:05,H,6.5,47
09/07/2014,Cincinnati Bengals,23,16,29%,26,79,38,25,301,0,0,0,0,45,30:30,37.8,Baltimore Ravens,16,26,47%,20,91,62,35,329,1,1,3,16,29,29:30,V,-1.5,42.5
09/07/2014,Cleveland Browns,27,23,18%,30,183,31,19,206,0,0,3,24,55,27:33,44.9,Pittsburgh Steelers,30,24,33%,28,127,35,24,363,1,0,4,27,96,32:27,V,-6.5,41
09/07/2014,Dallas Cowboys,17,26,56%,23,127,37,23,255,3,1,3,26,72,31:24,52.5,San Francisco 49ers,28,19,58%,30,127,23,16,192,0,0,1,9,80,28:36,H,-3.5,51
09/07/2014,Denver Broncos,31,24,50%,32,102,36,22,259,0,0,1,10,70,32:24,46.8,Indianapolis Colts,24,24,31%,14,54,53,35,354,2,0,3,16,45,27:36,H,7.5,55
09/07/2014,Houston Texans,17,16,50%,33,115,22,14,201,0,1,1,5,45,29:06,51.0,Washington Redskins,6,20,25%,23,131,37,29,241,0,2,3,26,70,30:54,H,3,44.5
09/07/2014,Indianapolis Colts,24,24,31%,14,54,53,35,354,2,0,3,16,45,27:36,49.8,Denver Broncos,31,24,50%,32,102,36,22,259,0,0,1,10,70,32:24,V,-7.5,55
09/07/2014,Jacksonville Jaguars,17,18,14%,25,64,43,24,242,0,1,3,24,55,29:14,46.5,Philadelphia Eagles,34,24,42%,32,145,45,27,275,1,2,5,47,50,30:46,V,-10.5,51.5
09/07/2014,Kansas City Chiefs,10,15,8%,17,67,35,19,178,3,0,4,24,25,22:16,42.6,Tennessee Titans,26,24,44%,38,162,33,22,243,0,0,4,23,110,37:44,H,3,44
09/07/2014,Miami Dolphins,33,25,54%,38,191,32,18,169,1,2,1,9,26,30:27,50.0,New England Patriots,20,20,29%,20,89,56,29,226,0,2,4,23,100,29:33,H,-4,46.5
09/07/2014,Minnesota Vikings,34,18,25%,31,185,25,17,160,0,0,1,10,60,28:17,47.4,St Louis Rams,6,15,29%,22,72,36,24,246,2,0,5,27,121,31:43,V,-3,43
09/07/2014,New England Patriots,20,20,29%,20,89,56,29,226,0,2,4,23,100,29:33,48.2,Miami Dolphins,33,25,54%,38,191,32,18,169,1,2,1,9,26,30:27,V,4,46.5
09/07/2014,New Orleans Saints,34,30,62%,28,139,42,29,333,1,1,0,0,27,29:34,50.5,Atlanta Falcons,37,28,55%,25,123,43,31,445,0,1,1,3,96,30:26,V,3,52
09/07/2014,New York Jets,19,20,42%,34,212,29,23,190,1,1,2,31,105,34:50,44.2,Oakland Raiders,14,11,25%,15,25,32,20,133,0,0,2,18,20,25:10,H,5,40.5
09/07/2014,Oakland Raiders,14,11,25%,15,25,32,20,133,0,0,2,18,20,25:10,44.6,New York Jets,19,20,42%,34,212,29,23,190,1,1,2,31,105,34:50,V,-5,40.5
09/07/2014,Philadelphia Eagles,34,24,42%,32,145,45,27,275,1,2,5,47,50,30:46,38.3,Jacksonville Jaguars,17,18,14%,25,64,43,24,242,0,1,3,24,55,29:14,H,10.5,51.5
09/07/2014,Pittsburgh Steelers,30,24,33%,28,127,35,24,363,1,0,4,27,96,32:27,43.7,Cleveland Browns,27,23,18%,30,183,31,19,206,0,0,3,24,55,27:33,H,6.5,41
09/07/2014,San Francisco 49ers,28,19,58%,30,127,23,16,192,0,0,1,9,80,28:36,45.8,Dallas Cowboys,17,26,56%,23,127,37,23,255,3,1,3,26,72,31:24,V,3.5,51
09/07/2014,St Louis Rams,6,15,29%,22,72,36,24,246,2,0,5,27,121,31:43,46.5,Minnesota Vikings,34,18,27%,30,186,25,17,160,0,0,1,10,60,28:17,H,3,43
09/07/2014,Tampa Bay Buccaneers,14,17,50%,17,102,35,22,162,2,1,3,21,15,24:48,44.0,Carolina Panthers,20,19,40%,33,113,34,24,221,0,0,1,9,55,35:12,H,3,37.5
09/07/2014,Tennessee Titans,26,24,44%,38,162,33,22,243,0,0,4,23,110,37:44,50.7,Kansas City Chiefs,10,15,8%,17,67,35,19,178,3,0,4,24,25,22:16,V,-3,44
09/07/2014,Washington Redskins,6,20,25%,23,131,37,29,241,0,2,3,26,70,30:54,49.2,Houston Texans,17,16,50%,33,115,22,14,201,0,1,1,5,45,29:06,V,-3,44.5
09/08/2014,Arizona Cardinals,18,22,46%,26,109,37,24,294,0,2,2,10,23,31:49,54.5,San Diego Chargers,17,15,40%,24,52,36,21,238,1,0,0,0,47,28:11,H,3,47
09/08/2014,Detroit Lions,35,20,67%,30,76,32,22,341,0,0,1,5,85,36:04,54.5,New York Giants,14,16,23%,22,53,33,18,144,2,0,2,19,25,23:56,H,6.5,47
09/08/2014,New York Giants,14,16,23%,22,53,33,18,144,2,0,2,19,25,23:56,40.2,Detroit Lions,35,20,67%,30,76,32,22,341,0,0,1,5,85,36:04,V,-6.5,47
09/08/2014,San Diego Chargers,17,15,40%,24,52,36,21,238,1,0,0,0,47,28:11,39.3,Arizona Cardinals,18,15,46%,26,109,37,24,294,0,2,2,10,23,31:49,V,-3,47
09/11/2014,Baltimore Ravens,,,,,,,,,,,,,,,,Pittsburgh Steelers,,,,,,,,,,,,,,,H,,
09/11/2014,Pittsburgh Steelers,,,,,,,,,,,,,,,,Baltimore Ravens,,,,,,,,,,,,,,,V,,
09/14/2014,Arizona Cardinals,,,,,,,,,,,,,,,,New York Giants,,,,,,,,,,,,,,,V,,
09/14/2014,Atlanta Falcons,,,,,,,,,,,,,,,,Cincinnati Bengals,,,,,,,,,,,,,,,V,,
09/14/2014,Buffalo Bills,,,,,,,,,,,,,,,,Miami Dolphins,,,,,,,,,,,,,,,H,,
09/14/2014,Carolina Panthers,,,,,,,,,,,,,,,,Detroit Lions,,,,,,,,,,,,,,,H,,
09/14/2014,Chicago Bears,,,,,,,,,,,,,,,,San Francisco 49ers,,,,,,,,,,,,,,,V,,
09/14/2014,Cincinnati Bengals,,,,,,,,,,,,,,,,Atlanta Falcons,,,,,,,,,,,,,,,H,,
09/14/2014,Cleveland Browns,,,,,,,,,,,,,,,,New Orleans Saints,,,,,,,,,,,,,,,H,,
09/14/2014,Dallas Cowboys,,,,,,,,,,,,,,,,Tennessee Titans,,,,,,,,,,,,,,,V,,
09/14/2014,Denver Broncos,,,,,,,,,,,,,,,,Kansas City Chiefs,,,,,,,,,,,,,,,H,,
09/14/2014,Detroit Lions,,,,,,,,,,,,,,,,Carolina Panthers,,,,,,,,,,,,,,,V,,
09/14/2014,Green Bay Packers,,,,,,,,,,,,,,,,New York Jets,,,,,,,,,,,,,,,H,,
09/14/2014,Houston Texans,,,,,,,,,,,,,,,,Oakland Raiders,,,,,,,,,,,,,,,V,,
09/14/2014,Jacksonville Jaguars,,,,,,,,,,,,,,,,Washington Redskins,,,,,,,,,,,,,,,V,,
09/14/2014,Kansas City Chiefs,,,,,,,,,,,,,,,,Denver Broncos,,,,,,,,,,,,,,,V,,
09/14/2014,Miami Dolphins,,,,,,,,,,,,,,,,Buffalo Bills,,,,,,,,,,,,,,,V,,
09/14/2014,Minnesota Vikings,,,,,,,,,,,,,,,,New England Patriots,,,,,,,,,,,,,,,H,,
09/14/2014,New England Patriots,,,,,,,,,,,,,,,,Minnesota Vikings,,,,,,,,,,,,,,,V,,
09/14/2014,New Orleans Saints,,,,,,,,,,,,,,,,Cleveland Browns,,,,,,,,,,,,,,,V,,
09/14/2014,New York Giants,,,,,,,,,,,,,,,,Arizona Cardinals,,,,,,,,,,,,,,,H,,
09/14/2014,New York Jets,,,,,,,,,,,,,,,,Green Bay Packers,,,,,,,,,,,,,,,V,,
09/14/2014,Oakland Raiders,,,,,,,,,,,,,,,,Houston Texans,,,,,,,,,,,,,,,H,,
09/14/2014,San Diego Chargers,,,,,,,,,,,,,,,,Seattle Seahawks,,,,,,,,,,,,,,,H,,
09/14/2014,San Francisco 49ers,,,,,,,,,,,,,,,,Chicago Bears,,,,,,,,,,,,,,,H,,
09/14/2014,Seattle Seahawks,,,,,,,,,,,,,,,,San Diego Chargers,,,,,,,,,,,,,,,V,,
09/14/2014,St Louis Rams,,,,,,,,,,,,,,,,Tampa Bay Buccaneers,,,,,,,,,,,,,,,V,,
09/14/2014,Tampa Bay Buccaneers,,,,,,,,,,,,,,,,St Louis Rams,,,,,,,,,,,,,,,H,,
09/14/2014,Tennessee Titans,,,,,,,,,,,,,,,,Dallas Cowboys,,,,,,,,,,,,,,,H,,
09/14/2014,Washington Redskins,,,,,,,,,,,,,,,,Jacksonville Jaguars,,,,,,,,,,,,,,,H,,
09/15/2014,Indianapolis Colts,,,,,,,,,,,,,,,,Philadelphia Eagles,,,,,,,,,,,,,,,H,,
09/15/2014,Philadelphia Eagles,,,,,,,,,,,,,,,,Indianapolis Colts,,,,,,,,,,,,,,,V,,
09/18/2014,Atlanta Falcons,,,,,,,,,,,,,,,,Tampa Bay Buccaneers,,,,,,,,,,,,,,,H,,
09/18/2014,Tampa Bay Buccaneers,,,,,,,,,,,,,,,,Atlanta Falcons,,,,,,,,,,,,,,,V,,
09/21/2014,Arizona Cardinals,,,,,,,,,,,,,,,,San Francisco 49ers,,,,,,,,,,,,,,,H,,
09/21/2014,Baltimore Ravens,,,,,,,,,,,,,,,,Cleveland Browns,,,,,,,,,,,,,,,V,,
09/21/2014,Buffalo Bills,,,,,,,,,,,,,,,,San Diego Chargers,,,,,,,,,,,,,,,H,,
09/21/2014,Carolina Panthers,,,,,,,,,,,,,,,,Pittsburgh Steelers,,,,,,,,,,,,,,,H,,
09/21/2014,Cincinnati Bengals,,,,,,,,,,,,,,,,Tennessee Titans,,,,,,,,,,,,,,,H,,
09/21/2014,Cleveland Browns,,,,,,,,,,,,,,,,Baltimore Ravens,,,,,,,,,,,,,,,H,,
09/21/2014,Dallas Cowboys,,,,,,,,,,,,,,,,St Louis Rams,,,,,,,,,,,,,,,V,,
09/21/2014,Denver Broncos,,,,,,,,,,,,,,,,Seattle Seahawks,,,,,,,,,,,,,,,V,,
09/21/2014,Detroit Lions,,,,,,,,,,,,,,,,Green Bay Packers,,,,,,,,,,,,,,,H,,
09/21/2014,Green Bay Packers,,,,,,,,,,,,,,,,Detroit Lions,,,,,,,,,,,,,,,V,,
09/21/2014,Houston Texans,,,,,,,,,,,,,,,,New York Giants,,,,,,,,,,,,,,,V,,
09/21/2014,Indianapolis Colts,,,,,,,,,,,,,,,,Jacksonville Jaguars,,,,,,,,,,,,,,,V,,
09/21/2014,Jacksonville Jaguars,,,,,,,,,,,,,,,,Indianapolis Colts,,,,,,,,,,,,,,,H,,
09/21/2014,Kansas City Chiefs,,,,,,,,,,,,,,,,Miami Dolphins,,,,,,,,,,,,,,,V,,
09/21/2014,Miami Dolphins,,,,,,,,,,,,,,,,Kansas City Chiefs,,,,,,,,,,,,,,,H,,
09/21/2014,Minnesota Vikings,,,,,,,,,,,,,,,,New Orleans Saints,,,,,,,,,,,,,,,V,,
09/21/2014,New England Patriots,,,,,,,,,,,,,,,,Oakland Raiders,,,,,,,,,,,,,,,H,,
09/21/2014,New Orleans Saints,,,,,,,,,,,,,,,,Minnesota Vikings,,,,,,,,,,,,,,,H,,
09/21/2014,New York Giants,,,,,,,,,,,,,,,,Houston Texans,,,,,,,,,,,,,,,H,,
09/21/2014,Oakland Raiders,,,,,,,,,,,,,,,,New England Patriots,,,,,,,,,,,,,,,V,,
09/21/2014,Philadelphia Eagles,,,,,,,,,,,,,,,,Washington Redskins,,,,,,,,,,,,,,,H,,
09/21/2014,Pittsburgh Steelers,,,,,,,,,,,,,,,,Carolina Panthers,,,,,,,,,,,,,,,V,,
09/21/2014,San Diego Chargers,,,,,,,,,,,,,,,,Buffalo Bills,,,,,,,,,,,,,,,V,,
09/21/2014,San Francisco 49ers,,,,,,,,,,,,,,,,Arizona Cardinals,,,,,,,,,,,,,,,V,,
09/21/2014,Seattle Seahawks,,,,,,,,,,,,,,,,Denver Broncos,,,,,,,,,,,,,,,H,,
09/21/2014,St Louis Rams,,,,,,,,,,,,,,,,Dallas Cowboys,,,,,,,,,,,,,,,H,,
09/21/2014,Tennessee Titans,,,,,,,,,,,,,,,,Cincinnati Bengals,,,,,,,,,,,,,,,V,,
09/21/2014,Washington Redskins,,,,,,,,,,,,,,,,Philadelphia Eagles,,,,,,,,,,,,,,,V,,
09/22/2014,Chicago Bears,,,,,,,,,,,,,,,,New York Jets,,,,,,,,,,,,,,,V,,
09/22/2014,New York Jets,,,,,,,,,,,,,,,,Chicago Bears,,,,,,,,,,,,,,,H,,
09/25/2014,New York Giants,,,,,,,,,,,,,,,,Washington Redskins,,,,,,,,,,,,,,,V,,
09/25/2014,Washington Redskins,,,,,,,,,,,,,,,,New York Giants,,,,,,,,,,,,,,,H,,
09/28/2014,Atlanta Falcons,,,,,,,,,,,,,,,,Minnesota Vikings,,,,,,,,,,,,,,,V,,
09/28/2014,Baltimore Ravens,,,,,,,,,,,,,,,,Carolina Panthers,,,,,,,,,,,,,,,H,,
09/28/2014,Buffalo Bills,,,,,,,,,,,,,,,,Houston Texans,,,,,,,,,,,,,,,V,,
09/28/2014,Carolina Panthers,,,,,,,,,,,,,,,,Baltimore Ravens,,,,,,,,,,,,,,,V,,
09/28/2014,Chicago Bears,,,,,,,,,,,,,,,,Green Bay Packers,,,,,,,,,,,,,,,H,,
09/28/2014,Dallas Cowboys,,,,,,,,,,,,,,,,New Orleans Saints,,,,,,,,,,,,,,,H,,
09/28/2014,Detroit Lions,,,,,,,,,,,,,,,,New York Jets,,,,,,,,,,,,,,,V,,
09/28/2014,Green Bay Packers,,,,,,,,,,,,,,,,Chicago Bears,,,,,,,,,,,,,,,V,,
09/28/2014,Houston Texans,,,,,,,,,,,,,,,,Buffalo Bills,,,,,,,,,,,,,,,H,,
09/28/2014,Indianapolis Colts,,,,,,,,,,,,,,,,Tennessee Titans,,,,,,,,,,,,,,,H,,
09/28/2014,Jacksonville Jaguars,,,,,,,,,,,,,,,,San Diego Chargers,,,,,,,,,,,,,,,V,,
09/28/2014,Miami Dolphins,,,,,,,,,,,,,,,,Oakland Raiders,,,,,,,,,,,,,,,N,,
09/28/2014,Minnesota Vikings,,,,,,,,,,,,,,,,Atlanta Falcons,,,,,,,,,,,,,,,H,,
09/28/2014,New Orleans Saints,,,,,,,,,,,,,,,,Dallas Cowboys,,,,,,,,,,,,,,,V,,
09/28/2014,New York Jets,,,,,,,,,,,,,,,,Detroit Lions,,,,,,,,,,,,,,,H,,
09/28/2014,Oakland Raiders,,,,,,,,,,,,,,,,Miami Dolphins,,,,,,,,,,,,,,,N,,
09/28/2014,Philadelphia Eagles,,,,,,,,,,,,,,,,San Francisco 49ers,,,,,,,,,,,,,,,V,,
09/28/2014,Pittsburgh Steelers,,,,,,,,,,,,,,,,Tampa Bay Buccaneers,,,,,,,,,,,,,,,H,,
09/28/2014,San Diego Chargers,,,,,,,,,,,,,,,,Jacksonville Jaguars,,,,,,,,,,,,,,,H,,
09/28/2014,San Francisco 49ers,,,,,,,,,,,,,,,,Philadelphia Eagles,,,,,,,,,,,,,,,H,,
09/28/2014,Tampa Bay Buccaneers,,,,,,,,,,,,,,,,Pittsburgh Steelers,,,,,,,,,,,,,,,V,,
09/28/2014,Tennessee Titans,,,,,,,,,,,,,,,,Indianapolis Colts,,,,,,,,,,,,,,,V,,
09/29/2014,Kansas City Chiefs,,,,,,,,,,,,,,,,New England Patriots,,,,,,,,,,,,,,,H,,
09/29/2014,New England Patriots,,,,,,,,,,,,,,,,Kansas City Chiefs,,,,,,,,,,,,,,,V,,
10/02/2014,Green Bay Packers,,,,,,,,,,,,,,,,Minnesota Vikings,,,,,,,,,,,,,,,H,,
10/02/2014,Minnesota Vikings,,,,,,,,,,,,,,,,Green Bay Packers,,,,,,,,,,,,,,,V,,
10/05/2014,Arizona Cardinals,,,,,,,,,,,,,,,,Denver Broncos,,,,,,,,,,,,,,,V,,
10/05/2014,Atlanta Falcons,,,,,,,,,,,,,,,,New York Giants,,,,,,,,,,,,,,,V,,
10/05/2014,Baltimore Ravens,,,,,,,,,,,,,,,,Indianapolis Colts,,,,,,,,,,,,,,,V,,
10/05/2014,Buffalo Bills,,,,,,,,,,,,,,,,Detroit Lions,,,,,,,,,,,,,,,V,,
10/05/2014,Carolina Panthers,,,,,,,,,,,,,,,,Chicago Bears,,,,,,,,,,,,,,,H,,
10/05/2014,Chicago Bears,,,,,,,,,,,,,,,,Carolina Panthers,,,,,,,,,,,,,,,V,,
10/05/2014,Cincinnati Bengals,,,,,,,,,,,,,,,,New England Patriots,,,,,,,,,,,,,,,V,,
10/05/2014,Cleveland Browns,,,,,,,,,,,,,,,,Tennessee Titans,,,,,,,,,,,,,,,V,,
10/05/2014,Dallas Cowboys,,,,,,,,,,,,,,,,Houston Texans,,,,,,,,,,,,,,,H,,
10/05/2014,Denver Broncos,,,,,,,,,,,,,,,,Arizona Cardinals,,,,,,,,,,,,,,,H,,
10/05/2014,Detroit Lions,,,,,,,,,,,,,,,,Buffalo Bills,,,,,,,,,,,,,,,H,,
10/05/2014,Houston Texans,,,,,,,,,,,,,,,,Dallas Cowboys,,,,,,,,,,,,,,,V,,
10/05/2014,Indianapolis Colts,,,,,,,,,,,,,,,,Baltimore Ravens,,,,,,,,,,,,,,,H,,
10/05/2014,Jacksonville Jaguars,,,,,,,,,,,,,,,,Pittsburgh Steelers,,,,,,,,,,,,,,,H,,
10/05/2014,Kansas City Chiefs,,,,,,,,,,,,,,,,San Francisco 49ers,,,,,,,,,,,,,,,V,,
10/05/2014,New England Patriots,,,,,,,,,,,,,,,,Cincinnati Bengals,,,,,,,,,,,,,,,H,,
10/05/2014,New Orleans Saints,,,,,,,,,,,,,,,,Tampa Bay Buccaneers,,,,,,,,,,,,,,,H,,
10/05/2014,New York Giants,,,,,,,,,,,,,,,,Atlanta Falcons,,,,,,,,,,,,,,,H,,
10/05/2014,New York Jets,,,,,,,,,,,,,,,,San Diego Chargers,,,,,,,,,,,,,,,V,,
10/05/2014,Philadelphia Eagles,,,,,,,,,,,,,,,,St Louis Rams,,,,,,,,,,,,,,,H,,
10/05/2014,Pittsburgh Steelers,,,,,,,,,,,,,,,,Jacksonville Jaguars,,,,,,,,,,,,,,,V,,
10/05/2014,San Diego Chargers,,,,,,,,,,,,,,,,New York Jets,,,,,,,,,,,,,,,H,,
10/05/2014,San Francisco 49ers,,,,,,,,,,,,,,,,Kansas City Chiefs,,,,,,,,,,,,,,,H,,
10/05/2014,St Louis Rams,,,,,,,,,,,,,,,,Philadelphia Eagles,,,,,,,,,,,,,,,V,,
10/05/2014,Tampa Bay Buccaneers,,,,,,,,,,,,,,,,New Orleans Saints,,,,,,,,,,,,,,,V,,
10/05/2014,Tennessee Titans,,,,,,,,,,,,,,,,Cleveland Browns,,,,,,,,,,,,,,,H,,
10/06/2014,Seattle Seahawks,,,,,,,,,,,,,,,,Washington Redskins,,,,,,,,,,,,,,,V,,
10/06/2014,Washington Redskins,,,,,,,,,,,,,,,,Seattle Seahawks,,,,,,,,,,,,,,,H,,
10/09/2014,Houston Texans,,,,,,,,,,,,,,,,Indianapolis Colts,,,,,,,,,,,,,,,H,,
10/09/2014,Indianapolis Colts,,,,,,,,,,,,,,,,Houston Texans,,,,,,,,,,,,,,,V,,
10/12/2014,Arizona Cardinals,,,,,,,,,,,,,,,,Washington Redskins,,,,,,,,,,,,,,,H,,
10/12/2014,Atlanta Falcons,,,,,,,,,,,,,,,,Chicago Bears,,,,,,,,,,,,,,,H,,
10/12/2014,Baltimore Ravens,,,,,,,,,,,,,,,,Tampa Bay Buccaneers,,,,,,,,,,,,,,,V,,
10/12/2014,Buffalo Bills,,,,,,,,,,,,,,,,New England Patriots,,,,,,,,,,,,,,,H,,
10/12/2014,Carolina Panthers,,,,,,,,,,,,,,,,Cincinnati Bengals,,,,,,,,,,,,,,,V,,
10/12/2014,Chicago Bears,,,,,,,,,,,,,,,,Atlanta Falcons,,,,,,,,,,,,,,,V,,
10/12/2014,Cincinnati Bengals,,,,,,,,,,,,,,,,Carolina Panthers,,,,,,,,,,,,,,,H,,
10/12/2014,Cleveland Browns,,,,,,,,,,,,,,,,Pittsburgh Steelers,,,,,,,,,,,,,,,H,,
10/12/2014,Dallas Cowboys,,,,,,,,,,,,,,,,Seattle Seahawks,,,,,,,,,,,,,,,V,,
10/12/2014,Denver Broncos,,,,,,,,,,,,,,,,New York Jets,,,,,,,,,,,,,,,V,,
10/12/2014,Detroit Lions,,,,,,,,,,,,,,,,Minnesota Vikings,,,,,,,,,,,,,,,V,,
10/12/2014,Green Bay Packers,,,,,,,,,,,,,,,,Miami Dolphins,,,,,,,,,,,,,,,V,,
10/12/2014,Jacksonville Jaguars,,,,,,,,,,,,,,,,Tennessee Titans,,,,,,,,,,,,,,,V,,
10/12/2014,Miami Dolphins,,,,,,,,,,,,,,,,Green Bay Packers,,,,,,,,,,,,,,,H,,
10/12/2014,Minnesota Vikings,,,,,,,,,,,,,,,,Detroit Lions,,,,,,,,,,,,,,,H,,
10/12/2014,New England Patriots,,,,,,,,,,,,,,,,Buffalo Bills,,,,,,,,,,,,,,,V,,
10/12/2014,New York Giants,,,,,,,,,,,,,,,,Philadelphia Eagles,,,,,,,,,,,,,,,V,,
10/12/2014,New York Jets,,,,,,,,,,,,,,,,Denver Broncos,,,,,,,,,,,,,,,H,,
10/12/2014,Oakland Raiders,,,,,,,,,,,,,,,,San Diego Chargers,,,,,,,,,,,,,,,H,,
10/12/2014,Philadelphia Eagles,,,,,,,,,,,,,,,,New York Giants,,,,,,,,,,,,,,,H,,
10/12/2014,Pittsburgh Steelers,,,,,,,,,,,,,,,,Cleveland Browns,,,,,,,,,,,,,,,V,,
10/12/2014,San Diego Chargers,,,,,,,,,,,,,,,,Oakland Raiders,,,,,,,,,,,,,,,V,,
10/12/2014,Seattle Seahawks,,,,,,,,,,,,,,,,Dallas Cowboys,,,,,,,,,,,,,,,H,,
10/12/2014,Tampa Bay Buccaneers,,,,,,,,,,,,,,,,Baltimore Ravens,,,,,,,,,,,,,,,H,,
10/12/2014,Tennessee Titans,,,,,,,,,,,,,,,,Jacksonville Jaguars,,,,,,,,,,,,,,,H,,
10/12/2014,Washington Redskins,,,,,,,,,,,,,,,,Arizona Cardinals,,,,,,,,,,,,,,,V,,
10/13/2014,San Francisco 49ers,,,,,,,,,,,,,,,,St Louis Rams,,,,,,,,,,,,,,,V,,
10/13/2014,St Louis Rams,,,,,,,,,,,,,,,,San Francisco 49ers,,,,,,,,,,,,,,,H,,
10/16/2014,New England Patriots,,,,,,,,,,,,,,,,New York Jets,,,,,,,,,,,,,,,H,,
10/16/2014,New York Jets,,,,,,,,,,,,,,,,New England Patriots,,,,,,,,,,,,,,,V,,
10/19/2014,Arizona Cardinals,,,,,,,,,,,,,,,,Oakland Raiders,,,,,,,,,,,,,,,V,,
10/19/2014,Atlanta Falcons,,,,,,,,,,,,,,,,Baltimore Ravens,,,,,,,,,,,,,,,V,,
10/19/2014,Baltimore Ravens,,,,,,,,,,,,,,,,Atlanta Falcons,,,,,,,,,,,,,,,H,,
10/19/2014,Buffalo Bills,,,,,,,,,,,,,,,,Minnesota Vikings,,,,,,,,,,,,,,,H,,
10/19/2014,Carolina Panthers,,,,,,,,,,,,,,,,Green Bay Packers,,,,,,,,,,,,,,,V,,
10/19/2014,Chicago Bears,,,,,,,,,,,,,,,,Miami Dolphins,,,,,,,,,,,,,,,H,,
10/19/2014,Cincinnati Bengals,,,,,,,,,,,,,,,,Indianapolis Colts,,,,,,,,,,,,,,,V,,
10/19/2014,Cleveland Browns,,,,,,,,,,,,,,,,Jacksonville Jaguars,,,,,,,,,,,,,,,V,,
10/19/2014,Dallas Cowboys,,,,,,,,,,,,,,,,New York Giants,,,,,,,,,,,,,,,H,,
10/19/2014,Denver Broncos,,,,,,,,,,,,,,,,San Francisco 49ers,,,,,,,,,,,,,,,H,,
10/19/2014,Detroit Lions,,,,,,,,,,,,,,,,New Orleans Saints,,,,,,,,,,,,,,,H,,
10/19/2014,Green Bay Packers,,,,,,,,,,,,,,,,Carolina Panthers,,,,,,,,,,,,,,,H,,
10/19/2014,Indianapolis Colts,,,,,,,,,,,,,,,,Cincinnati Bengals,,,,,,,,,,,,,,,H,,
10/19/2014,Jacksonville Jaguars,,,,,,,,,,,,,,,,Cleveland Browns,,,,,,,,,,,,,,,H,,
10/19/2014,Kansas City Chiefs,,,,,,,,,,,,,,,,San Diego Chargers,,,,,,,,,,,,,,,V,,
10/19/2014,Miami Dolphins,,,,,,,,,,,,,,,,Chicago Bears,,,,,,,,,,,,,,,V,,
10/19/2014,Minnesota Vikings,,,,,,,,,,,,,,,,Buffalo Bills,,,,,,,,,,,,,,,V,,
10/19/2014,New Orleans Saints,,,,,,,,,,,,,,,,Detroit Lions,,,,,,,,,,,,,,,V,,
10/19/2014,New York Giants,,,,,,,,,,,,,,,,Dallas Cowboys,,,,,,,,,,,,,,,V,,
10/19/2014,Oakland Raiders,,,,,,,,,,,,,,,,Arizona Cardinals,,,,,,,,,,,,,,,H,,
10/19/2014,San Diego Chargers,,,,,,,,,,,,,,,,Kansas City Chiefs,,,,,,,,,,,,,,,H,,
10/19/2014,San Francisco 49ers,,,,,,,,,,,,,,,,Denver Broncos,,,,,,,,,,,,,,,V,,
10/19/2014,Seattle Seahawks,,,,,,,,,,,,,,,,St Louis Rams,,,,,,,,,,,,,,,V,,
10/19/2014,St Louis Rams,,,,,,,,,,,,,,,,Seattle Seahawks,,,,,,,,,,,,,,,H,,
10/19/2014,Tennessee Titans,,,,,,,,,,,,,,,,Washington Redskins,,,,,,,,,,,,,,,V,,
10/19/2014,Washington Redskins,,,,,,,,,,,,,,,,Tennessee Titans,,,,,,,,,,,,,,,H,,
10/20/2014,Houston Texans,,,,,,,,,,,,,,,,Pittsburgh Steelers,,,,,,,,,,,,,,,V,,
10/20/2014,Pittsburgh Steelers,,,,,,,,,,,,,,,,Houston Texans,,,,,,,,,,,,,,,H,,
10/23/2014,Denver Broncos,,,,,,,,,,,,,,,,San Diego Chargers,,,,,,,,,,,,,,,H,,
10/23/2014,San Diego Chargers,,,,,,,,,,,,,,,,Denver Broncos,,,,,,,,,,,,,,,V,,
10/26/2014,Arizona Cardinals,,,,,,,,,,,,,,,,Philadelphia Eagles,,,,,,,,,,,,,,,H,,
10/26/2014,Atlanta Falcons,,,,,,,,,,,,,,,,Detroit Lions,,,,,,,,,,,,,,,N,,
10/26/2014,Baltimore Ravens,,,,,,,,,,,,,,,,Cincinnati Bengals,,,,,,,,,,,,,,,V,,
10/26/2014,Buffalo Bills,,,,,,,,,,,,,,,,New York Jets,,,,,,,,,,,,,,,V,,
10/26/2014,Carolina Panthers,,,,,,,,,,,,,,,,Seattle Seahawks,,,,,,,,,,,,,,,H,,
10/26/2014,Chicago Bears,,,,,,,,,,,,,,,,New England Patriots,,,,,,,,,,,,,,,V,,
10/26/2014,Cincinnati Bengals,,,,,,,,,,,,,,,,Baltimore Ravens,,,,,,,,,,,,,,,H,,
10/26/2014,Cleveland Browns,,,,,,,,,,,,,,,,Oakland Raiders,,,,,,,,,,,,,,,H,,
10/26/2014,Detroit Lions,,,,,,,,,,,,,,,,Atlanta Falcons,,,,,,,,,,,,,,,N,,
10/26/2014,Green Bay Packers,,,,,,,,,,,,,,,,New Orleans Saints,,,,,,,,,,,,,,,V,,
10/26/2014,Houston Texans,,,,,,,,,,,,,,,,Tennessee Titans,,,,,,,,,,,,,,,V,,
10/26/2014,Indianapolis Colts,,,,,,,,,,,,,,,,Pittsburgh Steelers,,,,,,,,,,,,,,,V,,
10/26/2014,Jacksonville Jaguars,,,,,,,,,,,,,,,,Miami Dolphins,,,,,,,,,,,,,,,H,,
10/26/2014,Kansas City Chiefs,,,,,,,,,,,,,,,,St Louis Rams,,,,,,,,,,,,,,,H,,
10/26/2014,Miami Dolphins,,,,,,,,,,,,,,,,Jacksonville Jaguars,,,,,,,,,,,,,,,V,,
10/26/2014,Minnesota Vikings,,,,,,,,,,,,,,,,Tampa Bay Buccaneers,,,,,,,,,,,,,,,V,,
10/26/2014,New England Patriots,,,,,,,,,,,,,,,,Chicago Bears,,,,,,,,,,,,,,,H,,
10/26/2014,New Orleans Saints,,,,,,,,,,,,,,,,Green Bay Packers,,,,,,,,,,,,,,,H,,
10/26/2014,New York Jets,,,,,,,,,,,,,,,,Buffalo Bills,,,,,,,,,,,,,,,H,,
10/26/2014,Oakland Raiders,,,,,,,,,,,,,,,,Cleveland Browns,,,,,,,,,,,,,,,V,,
10/26/2014,Philadelphia Eagles,,,,,,,,,,,,,,,,Arizona Cardinals,,,,,,,,,,,,,,,V,,
10/26/2014,Pittsburgh Steelers,,,,,,,,,,,,,,,,Indianapolis Colts,,,,,,,,,,,,,,,H,,
10/26/2014,Seattle Seahawks,,,,,,,,,,,,,,,,Carolina Panthers,,,,,,,,,,,,,,,V,,
10/26/2014,St Louis Rams,,,,,,,,,,,,,,,,Kansas City Chiefs,,,,,,,,,,,,,,,V,,
10/26/2014,Tampa Bay Buccaneers,,,,,,,,,,,,,,,,Minnesota Vikings,,,,,,,,,,,,,,,H,,
10/26/2014,Tennessee Titans,,,,,,,,,,,,,,,,Houston Texans,,,,,,,,,,,,,,,H,,
10/27/2014,Dallas Cowboys,,,,,,,,,,,,,,,,Washington Redskins,,,,,,,,,,,,,,,H,,
10/27/2014,Washington Redskins,,,,,,,,,,,,,,,,Dallas Cowboys,,,,,,,,,,,,,,,V,,
10/30/2014,Carolina Panthers,,,,,,,,,,,,,,,,New Orleans Saints,,,,,,,,,,,,,,,H,,
10/30/2014,New Orleans Saints,,,,,,,,,,,,,,,,Carolina Panthers,,,,,,,,,,,,,,,V,,
11/02/2014,Arizona Cardinals,,,,,,,,,,,,,,,,Dallas Cowboys,,,,,,,,,,,,,,,V,,
11/02/2014,Baltimore Ravens,,,,,,,,,,,,,,,,Pittsburgh Steelers,,,,,,,,,,,,,,,V,,
11/02/2014,Cincinnati Bengals,,,,,,,,,,,,,,,,Jacksonville Jaguars,,,,,,,,,,,,,,,H,,
11/02/2014,Cleveland Browns,,,,,,,,,,,,,,,,Tampa Bay Buccaneers,,,,,,,,,,,,,,,H,,
11/02/2014,Dallas Cowboys,,,,,,,,,,,,,,,,Arizona Cardinals,,,,,,,,,,,,,,,H,,
11/02/2014,Denver Broncos,,,,,,,,,,,,,,,,New England Patriots,,,,,,,,,,,,,,,V,,
11/02/2014,Houston Texans,,,,,,,,,,,,,,,,Philadelphia Eagles,,,,,,,,,,,,,,,H,,
11/02/2014,Jacksonville Jaguars,,,,,,,,,,,,,,,,Cincinnati Bengals,,,,,,,,,,,,,,,V,,
11/02/2014,Kansas City Chiefs,,,,,,,,,,,,,,,,New York Jets,,,,,,,,,,,,,,,H,,
11/02/2014,Miami Dolphins,,,,,,,,,,,,,,,,San Diego Chargers,,,,,,,,,,,,,,,H,,
11/02/2014,Minnesota Vikings,,,,,,,,,,,,,,,,Washington Redskins,,,,,,,,,,,,,,,H,,
11/02/2014,New England Patriots,,,,,,,,,,,,,,,,Denver Broncos,,,,,,,,,,,,,,,H,,
11/02/2014,New York Jets,,,,,,,,,,,,,,,,Kansas City Chiefs,,,,,,,,,,,,,,,V,,
11/02/2014,Oakland Raiders,,,,,,,,,,,,,,,,Seattle Seahawks,,,,,,,,,,,,,,,V,,
11/02/2014,Philadelphia Eagles,,,,,,,,,,,,,,,,Houston Texans,,,,,,,,,,,,,,,V,,
11/02/2014,Pittsburgh Steelers,,,,,,,,,,,,,,,,Baltimore Ravens,,,,,,,,,,,,,,,H,,
11/02/2014,San Diego Chargers,,,,,,,,,,,,,,,,Miami Dolphins,,,,,,,,,,,,,,,V,,
11/02/2014,San Francisco 49ers,,,,,,,,,,,,,,,,St Louis Rams,,,,,,,,,,,,,,,H,,
11/02/2014,Seattle Seahawks,,,,,,,,,,,,,,,,Oakland Raiders,,,,,,,,,,,,,,,H,,
11/02/2014,St Louis Rams,,,,,,,,,,,,,,,,San Francisco 49ers,,,,,,,,,,,,,,,V,,
11/02/2014,Tampa Bay Buccaneers,,,,,,,,,,,,,,,,Cleveland Browns,,,,,,,,,,,,,,,V,,
11/02/2014,Washington Redskins,,,,,,,,,,,,,,,,Minnesota Vikings,,,,,,,,,,,,,,,V,,
11/03/2014,Indianapolis Colts,,,,,,,,,,,,,,,,New York Giants,,,,,,,,,,,,,,,V,,
11/03/2014,New York Giants,,,,,,,,,,,,,,,,Indianapolis Colts,,,,,,,,,,,,,,,H,,
11/06/2014,Cincinnati Bengals,,,,,,,,,,,,,,,,Cleveland Browns,,,,,,,,,,,,,,,H,,
11/06/2014,Cleveland Browns,,,,,,,,,,,,,,,,Cincinnati Bengals,,,,,,,,,,,,,,,V,,
11/09/2014,Arizona Cardinals,,,,,,,,,,,,,,,,St Louis Rams,,,,,,,,,,,,,,,H,,
11/09/2014,Atlanta Falcons,,,,,,,,,,,,,,,,Tampa Bay Buccaneers,,,,,,,,,,,,,,,V,,
11/09/2014,Baltimore Ravens,,,,,,,,,,,,,,,,Tennessee Titans,,,,,,,,,,,,,,,H,,
11/09/2014,Buffalo Bills,,,,,,,,,,,,,,,,Kansas City Chiefs,,,,,,,,,,,,,,,H,,
11/09/2014,Chicago Bears,,,,,,,,,,,,,,,,Green Bay Packers,,,,,,,,,,,,,,,V,,
11/09/2014,Dallas Cowboys,,,,,,,,,,,,,,,,Jacksonville Jaguars,,,,,,,,,,,,,,,N,,
11/09/2014,Denver Broncos,,,,,,,,,,,,,,,,Oakland Raiders,,,,,,,,,,,,,,,V,,
11/09/2014,Detroit Lions,,,,,,,,,,,,,,,,Miami Dolphins,,,,,,,,,,,,,,,H,,
11/09/2014,Green Bay Packers,,,,,,,,,,,,,,,,Chicago Bears,,,,,,,,,,,,,,,H,,
11/09/2014,Jacksonville Jaguars,,,,,,,,,,,,,,,,Dallas Cowboys,,,,,,,,,,,,,,,N,,
11/09/2014,Kansas City Chiefs,,,,,,,,,,,,,,,,Buffalo Bills,,,,,,,,,,,,,,,V,,
11/09/2014,Miami Dolphins,,,,,,,,,,,,,,,,Detroit Lions,,,,,,,,,,,,,,,V,,
11/09/2014,New Orleans Saints,,,,,,,,,,,,,,,,San Francisco 49ers,,,,,,,,,,,,,,,H,,
11/09/2014,New York Giants,,,,,,,,,,,,,,,,Seattle Seahawks,,,,,,,,,,,,,,,V,,
11/09/2014,New York Jets,,,,,,,,,,,,,,,,Pittsburgh Steelers,,,,,,,,,,,,,,,H,,
11/09/2014,Oakland Raiders,,,,,,,,,,,,,,,,Denver Broncos,,,,,,,,,,,,,,,H,,
11/09/2014,Pittsburgh Steelers,,,,,,,,,,,,,,,,New York Jets,,,,,,,,,,,,,,,V,,
11/09/2014,San Francisco 49ers,,,,,,,,,,,,,,,,New Orleans Saints,,,,,,,,,,,,,,,V,,
11/09/2014,Seattle Seahawks,,,,,,,,,,,,,,,,New York Giants,,,,,,,,,,,,,,,H,,
11/09/2014,St Louis Rams,,,,,,,,,,,,,,,,Arizona Cardinals,,,,,,,,,,,,,,,V,,
11/09/2014,Tampa Bay Buccaneers,,,,,,,,,,,,,,,,Atlanta Falcons,,,,,,,,,,,,,,,H,,
11/09/2014,Tennessee Titans,,,,,,,,,,,,,,,,Baltimore Ravens,,,,,,,,,,,,,,,V,,
11/10/2014,Carolina Panthers,,,,,,,,,,,,,,,,Philadelphia Eagles,,,,,,,,,,,,,,,V,,
11/10/2014,Philadelphia Eagles,,,,,,,,,,,,,,,,Carolina Panthers,,,,,,,,,,,,,,,H,,
11/13/2014,Buffalo Bills,,,,,,,,,,,,,,,,Miami Dolphins,,,,,,,,,,,,,,,V,,
11/13/2014,Miami Dolphins,,,,,,,,,,,,,,,,Buffalo Bills,,,,,,,,,,,,,,,H,,
11/16/2014,Arizona Cardinals,,,,,,,,,,,,,,,,Detroit Lions,,,,,,,,,,,,,,,H,,
11/16/2014,Atlanta Falcons,,,,,,,,,,,,,,,,Carolina Panthers,,,,,,,,,,,,,,,V,,
11/16/2014,Carolina Panthers,,,,,,,,,,,,,,,,Atlanta Falcons,,,,,,,,,,,,,,,H,,
11/16/2014,Chicago Bears,,,,,,,,,,,,,,,,Minnesota Vikings,,,,,,,,,,,,,,,H,,
11/16/2014,Cincinnati Bengals,,,,,,,,,,,,,,,,New Orleans Saints,,,,,,,,,,,,,,,V,,
11/16/2014,Cleveland Browns,,,,,,,,,,,,,,,,Houston Texans,,,,,,,,,,,,,,,H,,
11/16/2014,Denver Broncos,,,,,,,,,,,,,,,,St Louis Rams,,,,,,,,,,,,,,,V,,
11/16/2014,Detroit Lions,,,,,,,,,,,,,,,,Arizona Cardinals,,,,,,,,,,,,,,,V,,
11/16/2014,Green Bay Packers,,,,,,,,,,,,,,,,Philadelphia Eagles,,,,,,,,,,,,,,,H,,
11/16/2014,Houston Texans,,,,,,,,,,,,,,,,Cleveland Browns,,,,,,,,,,,,,,,V,,
11/16/2014,Indianapolis Colts,,,,,,,,,,,,,,,,New England Patriots,,,,,,,,,,,,,,,H,,
11/16/2014,Kansas City Chiefs,,,,,,,,,,,,,,,,Seattle Seahawks,,,,,,,,,,,,,,,H,,
11/16/2014,Minnesota Vikings,,,,,,,,,,,,,,,,Chicago Bears,,,,,,,,,,,,,,,V,,
11/16/2014,New England Patriots,,,,,,,,,,,,,,,,Indianapolis Colts,,,,,,,,,,,,,,,V,,
11/16/2014,New Orleans Saints,,,,,,,,,,,,,,,,Cincinnati Bengals,,,,,,,,,,,,,,,H,,
11/16/2014,New York Giants,,,,,,,,,,,,,,,,San Francisco 49ers,,,,,,,,,,,,,,,H,,
11/16/2014,Oakland Raiders,,,,,,,,,,,,,,,,San Diego Chargers,,,,,,,,,,,,,,,V,,
11/16/2014,Philadelphia Eagles,,,,,,,,,,,,,,,,Green Bay Packers,,,,,,,,,,,,,,,V,,
11/16/2014,San Diego Chargers,,,,,,,,,,,,,,,,Oakland Raiders,,,,,,,,,,,,,,,H,,
11/16/2014,San Francisco 49ers,,,,,,,,,,,,,,,,New York Giants,,,,,,,,,,,,,,,V,,
11/16/2014,Seattle Seahawks,,,,,,,,,,,,,,,,Kansas City Chiefs,,,,,,,,,,,,,,,V,,
11/16/2014,St Louis Rams,,,,,,,,,,,,,,,,Denver Broncos,,,,,,,,,,,,,,,H,,
11/16/2014,Tampa Bay Buccaneers,,,,,,,,,,,,,,,,Washington Redskins,,,,,,,,,,,,,,,V,,
11/16/2014,Washington Redskins,,,,,,,,,,,,,,,,Tampa Bay Buccaneers,,,,,,,,,,,,,,,H,,
11/17/2014,Pittsburgh Steelers,,,,,,,,,,,,,,,,Tennessee Titans,,,,,,,,,,,,,,,V,,
11/17/2014,Tennessee Titans,,,,,,,,,,,,,,,,Pittsburgh Steelers,,,,,,,,,,,,,,,H,,
11/20/2014,Kansas City Chiefs,,,,,,,,,,,,,,,,Oakland Raiders,,,,,,,,,,,,,,,V,,
11/20/2014,Oakland Raiders,,,,,,,,,,,,,,,,Kansas City Chiefs,,,,,,,,,,,,,,,H,,
11/23/2014,Arizona Cardinals,,,,,,,,,,,,,,,,Seattle Seahawks,,,,,,,,,,,,,,,V,,
11/23/2014,Atlanta Falcons,,,,,,,,,,,,,,,,Cleveland Browns,,,,,,,,,,,,,,,H,,
11/23/2014,Buffalo Bills,,,,,,,,,,,,,,,,New York Jets,,,,,,,,,,,,,,,H,,
11/23/2014,Chicago Bears,,,,,,,,,,,,,,,,Tampa Bay Buccaneers,,,,,,,,,,,,,,,H,,
11/23/2014,Cincinnati Bengals,,,,,,,,,,,,,,,,Houston Texans,,,,,,,,,,,,,,,V,,
11/23/2014,Cleveland Browns,,,,,,,,,,,,,,,,Atlanta Falcons,,,,,,,,,,,,,,,V,,
11/23/2014,Dallas Cowboys,,,,,,,,,,,,,,,,New York Giants,,,,,,,,,,,,,,,V,,
11/23/2014,Denver Broncos,,,,,,,,,,,,,,,,Miami Dolphins,,,,,,,,,,,,,,,H,,
11/23/2014,Detroit Lions,,,,,,,,,,,,,,,,New England Patriots,,,,,,,,,,,,,,,V,,
11/23/2014,Green Bay Packers,,,,,,,,,,,,,,,,Minnesota Vikings,,,,,,,,,,,,,,,V,,
11/23/2014,Houston Texans,,,,,,,,,,,,,,,,Cincinnati Bengals,,,,,,,,,,,,,,,H,,
11/23/2014,Indianapolis Colts,,,,,,,,,,,,,,,,Jacksonville Jaguars,,,,,,,,,,,,,,,H,,
11/23/2014,Jacksonville Jaguars,,,,,,,,,,,,,,,,Indianapolis Colts,,,,,,,,,,,,,,,V,,
11/23/2014,Miami Dolphins,,,,,,,,,,,,,,,,Denver Broncos,,,,,,,,,,,,,,,V,,
11/23/2014,Minnesota Vikings,,,,,,,,,,,,,,,,Green Bay Packers,,,,,,,,,,,,,,,H,,
11/23/2014,New England Patriots,,,,,,,,,,,,,,,,Detroit Lions,,,,,,,,,,,,,,,H,,
11/23/2014,New York Giants,,,,,,,,,,,,,,,,Dallas Cowboys,,,,,,,,,,,,,,,H,,
11/23/2014,New York Jets,,,,,,,,,,,,,,,,Buffalo Bills,,,,,,,,,,,,,,,V,,
11/23/2014,Philadelphia Eagles,,,,,,,,,,,,,,,,Tennessee Titans,,,,,,,,,,,,,,,H,,
11/23/2014,San Diego Chargers,,,,,,,,,,,,,,,,St Louis Rams,,,,,,,,,,,,,,,H,,
11/23/2014,San Francisco 49ers,,,,,,,,,,,,,,,,Washington Redskins,,,,,,,,,,,,,,,H,,
11/23/2014,Seattle Seahawks,,,,,,,,,,,,,,,,Arizona Cardinals,,,,,,,,,,,,,,,H,,
11/23/2014,St Louis Rams,,,,,,,,,,,,,,,,San Diego Chargers,,,,,,,,,,,,,,,V,,
11/23/2014,Tampa Bay Buccaneers,,,,,,,,,,,,,,,,Chicago Bears,,,,,,,,,,,,,,,V,,
11/23/2014,Tennessee Titans,,,,,,,,,,,,,,,,Philadelphia Eagles,,,,,,,,,,,,,,,V,,
11/23/2014,Washington Redskins,,,,,,,,,,,,,,,,San Francisco 49ers,,,,,,,,,,,,,,,V,,
11/24/2014,Baltimore Ravens,,,,,,,,,,,,,,,,New Orleans Saints,,,,,,,,,,,,,,,V,,
11/24/2014,New Orleans Saints,,,,,,,,,,,,,,,,Baltimore Ravens,,,,,,,,,,,,,,,H,,
11/27/2014,Chicago Bears,,,,,,,,,,,,,,,,Detroit Lions,,,,,,,,,,,,,,,V,,
11/27/2014,Dallas Cowboys,,,,,,,,,,,,,,,,Philadelphia Eagles,,,,,,,,,,,,,,,H,,
11/27/2014,Detroit Lions,,,,,,,,,,,,,,,,Chicago Bears,,,,,,,,,,,,,,,H,,
11/27/2014,Philadelphia Eagles,,,,,,,,,,,,,,,,Dallas Cowboys,,,,,,,,,,,,,,,V,,
11/27/2014,San Francisco 49ers,,,,,,,,,,,,,,,,Seattle Seahawks,,,,,,,,,,,,,,,H,,
11/27/2014,Seattle Seahawks,,,,,,,,,,,,,,,,San Francisco 49ers,,,,,,,,,,,,,,,V,,
11/30/2014,Arizona Cardinals,,,,,,,,,,,,,,,,Atlanta Falcons,,,,,,,,,,,,,,,V,,
11/30/2014,Atlanta Falcons,,,,,,,,,,,,,,,,Arizona Cardinals,,,,,,,,,,,,,,,H,,
11/30/2014,Baltimore Ravens,,,,,,,,,,,,,,,,San Diego Chargers,,,,,,,,,,,,,,,H,,
11/30/2014,Buffalo Bills,,,,,,,,,,,,,,,,Cleveland Browns,,,,,,,,,,,,,,,H,,
11/30/2014,Carolina Panthers,,,,,,,,,,,,,,,,Minnesota Vikings,,,,,,,,,,,,,,,V,,
11/30/2014,Cincinnati Bengals,,,,,,,,,,,,,,,,Tampa Bay Buccaneers,,,,,,,,,,,,,,,V,,
11/30/2014,Cleveland Browns,,,,,,,,,,,,,,,,Buffalo Bills,,,,,,,,,,,,,,,V,,
11/30/2014,Denver Broncos,,,,,,,,,,,,,,,,Kansas City Chiefs,,,,,,,,,,,,,,,V,,
11/30/2014,Green Bay Packers,,,,,,,,,,,,,,,,New England Patriots,,,,,,,,,,,,,,,H,,
11/30/2014,Houston Texans,,,,,,,,,,,,,,,,Tennessee Titans,,,,,,,,,,,,,,,H,,
11/30/2014,Indianapolis Colts,,,,,,,,,,,,,,,,Washington Redskins,,,,,,,,,,,,,,,H,,
11/30/2014,Jacksonville Jaguars,,,,,,,,,,,,,,,,New York Giants,,,,,,,,,,,,,,,H,,
11/30/2014,Kansas City Chiefs,,,,,,,,,,,,,,,,Denver Broncos,,,,,,,,,,,,,,,H,,
11/30/2014,Minnesota Vikings,,,,,,,,,,,,,,,,Carolina Panthers,,,,,,,,,,,,,,,H,,
11/30/2014,New England Patriots,,,,,,,,,,,,,,,,Green Bay Packers,,,,,,,,,,,,,,,V,,
11/30/2014,New Orleans Saints,,,,,,,,,,,,,,,,Pittsburgh Steelers,,,,,,,,,,,,,,,V,,
11/30/2014,New York Giants,,,,,,,,,,,,,,,,Jacksonville Jaguars,,,,,,,,,,,,,,,V,,
11/30/2014,Oakland Raiders,,,,,,,,,,,,,,,,St Louis Rams,,,,,,,,,,,,,,,V,,
11/30/2014,Pittsburgh Steelers,,,,,,,,,,,,,,,,New Orleans Saints,,,,,,,,,,,,,,,H,,
11/30/2014,San Diego Chargers,,,,,,,,,,,,,,,,Baltimore Ravens,,,,,,,,,,,,,,,V,,
11/30/2014,St Louis Rams,,,,,,,,,,,,,,,,Oakland Raiders,,,,,,,,,,,,,,,H,,
11/30/2014,Tampa Bay Buccaneers,,,,,,,,,,,,,,,,Cincinnati Bengals,,,,,,,,,,,,,,,H,,
11/30/2014,Tennessee Titans,,,,,,,,,,,,,,,,Houston Texans,,,,,,,,,,,,,,,V,,
11/30/2014,Washington Redskins,,,,,,,,,,,,,,,,Indianapolis Colts,,,,,,,,,,,,,,,V,,
12/01/2014,Miami Dolphins,,,,,,,,,,,,,,,,New York Jets,,,,,,,,,,,,,,,V,,
12/01/2014,New York Jets,,,,,,,,,,,,,,,,Miami Dolphins,,,,,,,,,,,,,,,H,,
12/04/2014,Chicago Bears,,,,,,,,,,,,,,,,Dallas Cowboys,,,,,,,,,,,,,,,H,,
12/04/2014,Dallas Cowboys,,,,,,,,,,,,,,,,Chicago Bears,,,,,,,,,,,,,,,V,,
12/07/2014,Arizona Cardinals,,,,,,,,,,,,,,,,Kansas City Chiefs,,,,,,,,,,,,,,,H,,
12/07/2014,Baltimore Ravens,,,,,,,,,,,,,,,,Miami Dolphins,,,,,,,,,,,,,,,V,,
12/07/2014,Buffalo Bills,,,,,,,,,,,,,,,,Denver Broncos,,,,,,,,,,,,,,,V,,
12/07/2014,Carolina Panthers,,,,,,,,,,,,,,,,New Orleans Saints,,,,,,,,,,,,,,,V,,
12/07/2014,Cincinnati Bengals,,,,,,,,,,,,,,,,Pittsburgh Steelers,,,,,,,,,,,,,,,H,,
12/07/2014,Cleveland Browns,,,,,,,,,,,,,,,,Indianapolis Colts,,,,,,,,,,,,,,,H,,
12/07/2014,Denver Broncos,,,,,,,,,,,,,,,,Buffalo Bills,,,,,,,,,,,,,,,H,,
12/07/2014,Detroit Lions,,,,,,,,,,,,,,,,Tampa Bay Buccaneers,,,,,,,,,,,,,,,H,,
12/07/2014,Houston Texans,,,,,,,,,,,,,,,,Jacksonville Jaguars,,,,,,,,,,,,,,,V,,
12/07/2014,Indianapolis Colts,,,,,,,,,,,,,,,,Cleveland Browns,,,,,,,,,,,,,,,V,,
12/07/2014,Jacksonville Jaguars,,,,,,,,,,,,,,,,Houston Texans,,,,,,,,,,,,,,,H,,
12/07/2014,Kansas City Chiefs,,,,,,,,,,,,,,,,Arizona Cardinals,,,,,,,,,,,,,,,V,,
12/07/2014,Miami Dolphins,,,,,,,,,,,,,,,,Baltimore Ravens,,,,,,,,,,,,,,,H,,
12/07/2014,Minnesota Vikings,,,,,,,,,,,,,,,,New York Jets,,,,,,,,,,,,,,,H,,
12/07/2014,New England Patriots,,,,,,,,,,,,,,,,San Diego Chargers,,,,,,,,,,,,,,,V,,
12/07/2014,New Orleans Saints,,,,,,,,,,,,,,,,Carolina Panthers,,,,,,,,,,,,,,,H,,
12/07/2014,New York Giants,,,,,,,,,,,,,,,,Tennessee Titans,,,,,,,,,,,,,,,V,,
12/07/2014,New York Jets,,,,,,,,,,,,,,,,Minnesota Vikings,,,,,,,,,,,,,,,V,,
12/07/2014,Oakland Raiders,,,,,,,,,,,,,,,,San Francisco 49ers,,,,,,,,,,,,,,,H,,
12/07/2014,Philadelphia Eagles,,,,,,,,,,,,,,,,Seattle Seahawks,,,,,,,,,,,,,,,H,,
12/07/2014,Pittsburgh Steelers,,,,,,,,,,,,,,,,Cincinnati Bengals,,,,,,,,,,,,,,,V,,
12/07/2014,San Diego Chargers,,,,,,,,,,,,,,,,New England Patriots,,,,,,,,,,,,,,,H,,
12/07/2014,San Francisco 49ers,,,,,,,,,,,,,,,,Oakland Raiders,,,,,,,,,,,,,,,V,,
12/07/2014,Seattle Seahawks,,,,,,,,,,,,,,,,Philadelphia Eagles,,,,,,,,,,,,,,,V,,
12/07/2014,St Louis Rams,,,,,,,,,,,,,,,,Washington Redskins,,,,,,,,,,,,,,,V,,
12/07/2014,Tampa Bay Buccaneers,,,,,,,,,,,,,,,,Detroit Lions,,,,,,,,,,,,,,,V,,
12/07/2014,Tennessee Titans,,,,,,,,,,,,,,,,New York Giants,,,,,,,,,,,,,,,H,,
12/07/2014,Washington Redskins,,,,,,,,,,,,,,,,St Louis Rams,,,,,,,,,,,,,,,H,,
12/08/2014,Atlanta Falcons,,,,,,,,,,,,,,,,Green Bay Packers,,,,,,,,,,,,,,,V,,
12/08/2014,Green Bay Packers,,,,,,,,,,,,,,,,Atlanta Falcons,,,,,,,,,,,,,,,H,,
12/11/2014,Arizona Cardinals,,,,,,,,,,,,,,,,St Louis Rams,,,,,,,,,,,,,,,V,,
12/11/2014,St Louis Rams,,,,,,,,,,,,,,,,Arizona Cardinals,,,,,,,,,,,,,,,H,,
12/14/2014,Atlanta Falcons,,,,,,,,,,,,,,,,Pittsburgh Steelers,,,,,,,,,,,,,,,H,,
12/14/2014,Baltimore Ravens,,,,,,,,,,,,,,,,Jacksonville Jaguars,,,,,,,,,,,,,,,H,,
12/14/2014,Buffalo Bills,,,,,,,,,,,,,,,,Green Bay Packers,,,,,,,,,,,,,,,H,,
12/14/2014,Carolina Panthers,,,,,,,,,,,,,,,,Tampa Bay Buccaneers,,,,,,,,,,,,,,,H,,
12/14/2014,Cincinnati Bengals,,,,,,,,,,,,,,,,Cleveland Browns,,,,,,,,,,,,,,,V,,
12/14/2014,Cleveland Browns,,,,,,,,,,,,,,,,Cincinnati Bengals,,,,,,,,,,,,,,,H,,
12/14/2014,Dallas Cowboys,,,,,,,,,,,,,,,,Philadelphia Eagles,,,,,,,,,,,,,,,V,,
12/14/2014,Denver Broncos,,,,,,,,,,,,,,,,San Diego Chargers,,,,,,,,,,,,,,,V,,
12/14/2014,Detroit Lions,,,,,,,,,,,,,,,,Minnesota Vikings,,,,,,,,,,,,,,,H,,
12/14/2014,Green Bay Packers,,,,,,,,,,,,,,,,Buffalo Bills,,,,,,,,,,,,,,,V,,
12/14/2014,Houston Texans,,,,,,,,,,,,,,,,Indianapolis Colts,,,,,,,,,,,,,,,V,,
12/14/2014,Indianapolis Colts,,,,,,,,,,,,,,,,Houston Texans,,,,,,,,,,,,,,,H,,
12/14/2014,Jacksonville Jaguars,,,,,,,,,,,,,,,,Baltimore Ravens,,,,,,,,,,,,,,,V,,
12/14/2014,Kansas City Chiefs,,,,,,,,,,,,,,,,Oakland Raiders,,,,,,,,,,,,,,,H,,
12/14/2014,Miami Dolphins,,,,,,,,,,,,,,,,New England Patriots,,,,,,,,,,,,,,,V,,
12/14/2014,Minnesota Vikings,,,,,,,,,,,,,,,,Detroit Lions,,,,,,,,,,,,,,,V,,
12/14/2014,New England Patriots,,,,,,,,,,,,,,,,Miami Dolphins,,,,,,,,,,,,,,,H,,
12/14/2014,New York Giants,,,,,,,,,,,,,,,,Washington Redskins,,,,,,,,,,,,,,,H,,
12/14/2014,New York Jets,,,,,,,,,,,,,,,,Tennessee Titans,,,,,,,,,,,,,,,V,,
12/14/2014,Oakland Raiders,,,,,,,,,,,,,,,,Kansas City Chiefs,,,,,,,,,,,,,,,V,,
12/14/2014,Philadelphia Eagles,,,,,,,,,,,,,,,,Dallas Cowboys,,,,,,,,,,,,,,,H,,
12/14/2014,Pittsburgh Steelers,,,,,,,,,,,,,,,,Atlanta Falcons,,,,,,,,,,,,,,,V,,
12/14/2014,San Diego Chargers,,,,,,,,,,,,,,,,Denver Broncos,,,,,,,,,,,,,,,H,,
12/14/2014,San Francisco 49ers,,,,,,,,,,,,,,,,Seattle Seahawks,,,,,,,,,,,,,,,V,,
12/14/2014,Seattle Seahawks,,,,,,,,,,,,,,,,San Francisco 49ers,,,,,,,,,,,,,,,H,,
12/14/2014,Tampa Bay Buccaneers,,,,,,,,,,,,,,,,Carolina Panthers,,,,,,,,,,,,,,,V,,
12/14/2014,Tennessee Titans,,,,,,,,,,,,,,,,New York Jets,,,,,,,,,,,,,,,H,,
12/14/2014,Washington Redskins,,,,,,,,,,,,,,,,New York Giants,,,,,,,,,,,,,,,V,,
12/15/2014,Chicago Bears,,,,,,,,,,,,,,,,New Orleans Saints,,,,,,,,,,,,,,,H,,
12/15/2014,New Orleans Saints,,,,,,,,,,,,,,,,Chicago Bears,,,,,,,,,,,,,,,V,,
12/18/2014,Jacksonville Jaguars,,,,,,,,,,,,,,,,Tennessee Titans,,,,,,,,,,,,,,,H,,
12/18/2014,Tennessee Titans,,,,,,,,,,,,,,,,Jacksonville Jaguars,,,,,,,,,,,,,,,V,,
12/20/2014,Philadelphia Eagles,,,,,,,,,,,,,,,,Washington Redskins,,,,,,,,,,,,,,,V,,
12/20/2014,San Diego Chargers,,,,,,,,,,,,,,,,San Francisco 49ers,,,,,,,,,,,,,,,V,,
12/20/2014,San Francisco 49ers,,,,,,,,,,,,,,,,San Diego Chargers,,,,,,,,,,,,,,,H,,
12/20/2014,Washington Redskins,,,,,,,,,,,,,,,,Philadelphia Eagles,,,,,,,,,,,,,,,H,,
12/21/2014,Arizona Cardinals,,,,,,,,,,,,,,,,Seattle Seahawks,,,,,,,,,,,,,,,H,,
12/21/2014,Atlanta Falcons,,,,,,,,,,,,,,,,New Orleans Saints,,,,,,,,,,,,,,,V,,
12/21/2014,Baltimore Ravens,,,,,,,,,,,,,,,,Houston Texans,,,,,,,,,,,,,,,V,,
12/21/2014,Buffalo Bills,,,,,,,,,,,,,,,,Oakland Raiders,,,,,,,,,,,,,,,V,,
12/21/2014,Carolina Panthers,,,,,,,,,,,,,,,,Cleveland Browns,,,,,,,,,,,,,,,H,,
12/21/2014,Chicago Bears,,,,,,,,,,,,,,,,Detroit Lions,,,,,,,,,,,,,,,H,,
12/21/2014,Cleveland Browns,,,,,,,,,,,,,,,,Carolina Panthers,,,,,,,,,,,,,,,V,,
12/21/2014,Dallas Cowboys,,,,,,,,,,,,,,,,Indianapolis Colts,,,,,,,,,,,,,,,H,,
12/21/2014,Detroit Lions,,,,,,,,,,,,,,,,Chicago Bears,,,,,,,,,,,,,,,V,,
12/21/2014,Green Bay Packers,,,,,,,,,,,,,,,,Tampa Bay Buccaneers,,,,,,,,,,,,,,,V,,
12/21/2014,Houston Texans,,,,,,,,,,,,,,,,Baltimore Ravens,,,,,,,,,,,,,,,H,,
12/21/2014,Indianapolis Colts,,,,,,,,,,,,,,,,Dallas Cowboys,,,,,,,,,,,,,,,V,,
12/21/2014,Kansas City Chiefs,,,,,,,,,,,,,,,,Pittsburgh Steelers,,,,,,,,,,,,,,,V,,
12/21/2014,Miami Dolphins,,,,,,,,,,,,,,,,Minnesota Vikings,,,,,,,,,,,,,,,H,,
12/21/2014,Minnesota Vikings,,,,,,,,,,,,,,,,Miami Dolphins,,,,,,,,,,,,,,,V,,
12/21/2014,New England Patriots,,,,,,,,,,,,,,,,New York Jets,,,,,,,,,,,,,,,V,,
12/21/2014,New Orleans Saints,,,,,,,,,,,,,,,,Atlanta Falcons,,,,,,,,,,,,,,,H,,
12/21/2014,New York Giants,,,,,,,,,,,,,,,,St Louis Rams,,,,,,,,,,,,,,,V,,
12/21/2014,New York Jets,,,,,,,,,,,,,,,,New England Patriots,,,,,,,,,,,,,,,H,,
12/21/2014,Oakland Raiders,,,,,,,,,,,,,,,,Buffalo Bills,,,,,,,,,,,,,,,H,,
12/21/2014,Pittsburgh Steelers,,,,,,,,,,,,,,,,Kansas City Chiefs,,,,,,,,,,,,,,,H,,
12/21/2014,Seattle Seahawks,,,,,,,,,,,,,,,,Arizona Cardinals,,,,,,,,,,,,,,,V,,
12/21/2014,St Louis Rams,,,,,,,,,,,,,,,,New York Giants,,,,,,,,,,,,,,,H,,
12/21/2014,Tampa Bay Buccaneers,,,,,,,,,,,,,,,,Green Bay Packers,,,,,,,,,,,,,,,H,,
12/22/2014,Cincinnati Bengals,,,,,,,,,,,,,,,,Denver Broncos,,,,,,,,,,,,,,,H,,
12/22/2014,Denver Broncos,,,,,,,,,,,,,,,,Cincinnati Bengals,,,,,,,,,,,,,,,V,,
12/28/2014,Arizona Cardinals,,,,,,,,,,,,,,,,San Francisco 49ers,,,,,,,,,,,,,,,V,,
12/28/2014,Atlanta Falcons,,,,,,,,,,,,,,,,Carolina Panthers,,,,,,,,,,,,,,,H,,
12/28/2014,Baltimore Ravens,,,,,,,,,,,,,,,,Cleveland Browns,,,,,,,,,,,,,,,H,,
12/28/2014,Buffalo Bills,,,,,,,,,,,,,,,,New England Patriots,,,,,,,,,,,,,,,V,,
12/28/2014,Carolina Panthers,,,,,,,,,,,,,,,,Atlanta Falcons,,,,,,,,,,,,,,,V,,
12/28/2014,Chicago Bears,,,,,,,,,,,,,,,,Minnesota Vikings,,,,,,,,,,,,,,,V,,
12/28/2014,Cincinnati Bengals,,,,,,,,,,,,,,,,Pittsburgh Steelers,,,,,,,,,,,,,,,V,,
12/28/2014,Cleveland Browns,,,,,,,,,,,,,,,,Baltimore Ravens,,,,,,,,,,,,,,,V,,
12/28/2014,Dallas Cowboys,,,,,,,,,,,,,,,,Washington Redskins,,,,,,,,,,,,,,,V,,
12/28/2014,Denver Broncos,,,,,,,,,,,,,,,,Oakland Raiders,,,,,,,,,,,,,,,H,,
12/28/2014,Detroit Lions,,,,,,,,,,,,,,,,Green Bay Packers,,,,,,,,,,,,,,,V,,
12/28/2014,Green Bay Packers,,,,,,,,,,,,,,,,Detroit Lions,,,,,,,,,,,,,,,H,,
12/28/2014,Houston Texans,,,,,,,,,,,,,,,,Jacksonville Jaguars,,,,,,,,,,,,,,,H,,
12/28/2014,Indianapolis Colts,,,,,,,,,,,,,,,,Tennessee Titans,,,,,,,,,,,,,,,V,,
12/28/2014,Jacksonville Jaguars,,,,,,,,,,,,,,,,Houston Texans,,,,,,,,,,,,,,,V,,
12/28/2014,Kansas City Chiefs,,,,,,,,,,,,,,,,San Diego Chargers,,,,,,,,,,,,,,,H,,
12/28/2014,Miami Dolphins,,,,,,,,,,,,,,,,New York Jets,,,,,,,,,,,,,,,H,,
12/28/2014,Minnesota Vikings,,,,,,,,,,,,,,,,Chicago Bears,,,,,,,,,,,,,,,H,,
12/28/2014,New England Patriots,,,,,,,,,,,,,,,,Buffalo Bills,,,,,,,,,,,,,,,H,,
12/28/2014,New Orleans Saints,,,,,,,,,,,,,,,,Tampa Bay Buccaneers,,,,,,,,,,,,,,,V,,
12/28/2014,New York Giants,,,,,,,,,,,,,,,,Philadelphia Eagles,,,,,,,,,,,,,,,H,,
12/28/2014,New York Jets,,,,,,,,,,,,,,,,Miami Dolphins,,,,,,,,,,,,,,,V,,
12/28/2014,Oakland Raiders,,,,,,,,,,,,,,,,Denver Broncos,,,,,,,,,,,,,,,V,,
12/28/2014,Philadelphia Eagles,,,,,,,,,,,,,,,,New York Giants,,,,,,,,,,,,,,,V,,
12/28/2014,Pittsburgh Steelers,,,,,,,,,,,,,,,,Cincinnati Bengals,,,,,,,,,,,,,,,H,,
12/28/2014,San Diego Chargers,,,,,,,,,,,,,,,,Kansas City Chiefs,,,,,,,,,,,,,,,V,,
12/28/2014,San Francisco 49ers,,,,,,,,,,,,,,,,Arizona Cardinals,,,,,,,,,,,,,,,H,,
12/28/2014,Seattle Seahawks,,,,,,,,,,,,,,,,St Louis Rams,,,,,,,,,,,,,,,H,,
12/28/2014,St Louis Rams,,,,,,,,,,,,,,,,Seattle Seahawks,,,,,,,,,,,,,,,V,,
12/28/2014,Tampa Bay Buccaneers,,,,,,,,,,,,,,,,New Orleans Saints,,,,,,,,,,,,,,,H,,
12/28/2014,Tennessee Titans,,,,,,,,,,,,,,,,Indianapolis Colts,,,,,,,,,,,,,,,H,,
12/28/2014,Washington Redskins,,,,,,,,,,,,,,,,Dallas Cowboys,,,,,,,,,,,,,,,H,,
